Chapter,Sinhala,English
CHAPTER 2,owu,yes
CHAPTER 2,nǣ,no
CHAPTER 2,né∙méyi,(am/are/is) not
CHAPTER 2,haa,okay
CHAPTER 2,kan∙nam,(I) will eat
CHAPTER 3,sthoo∙thi,thank you
CHAPTER 3,bo∙hō∙mȧ sthoo∙thi,thank you very much
CHAPTER 3,ka∙ru∙naa∙kȧ∙rȧ∙la,please
CHAPTER 3,dhén∙nȧ,give! / to give
CHAPTER 3,én∙nȧ,come! / to come
CHAPTER 3,yan∙nȧ,go! / to go
CHAPTER 3,sa∙maa vén∙nȧ,sorry / forgive me
CHAPTER 4,ma∙mȧ,I / me
CHAPTER 4,o∙yaa,you
CHAPTER 4,mḗ,this
CHAPTER 4,ma∙gé,my / mine
CHAPTER 4,o∙yaa∙gé,your / yours
CHAPTER XX,na∙mȧ,name
CHAPTER 4,mḗ∙kȧ,this
CHAPTER 4,ma∙gén,from me
CHAPTER 4,o∙yaa∙gén,from you
CHAPTER 4,ma∙tȧ,to/for me
CHAPTER 4,o∙yaa∙tȧ,to/for you
CHAPTER 4,dhé∙nȧ∙va,giving (e.g. “I am giving”) / give / gives (e.g. “I give”)
CHAPTER 4,ka∙thaa kȧ∙rȧ∙nȧ∙va,speaking (e.g. “I am speaking”) / speak / speaks (e.g. “I speak”)
CHAPTER 5,ka∙nȧ∙va,eating (e.g. “I am eating”) / eat / eats (e.g. “I eat”)
CHAPTER 5,i∙gé∙nȧ gan∙nȧ∙va,learning (e.g. “I am learning”) / learn / learns (e.g. “I learn”)
CHAPTER 5,sing∙hȧ∙lȧ,Sinhala
CHAPTER 5,in∙gree∙si,English
CHAPTER 5,pod∙dak,a little
CHAPTER 5,kan∙né nǣ,not eating (e.g. “I am not eating”) / don’t/doesn’t eat (e.g. “I don’t eat”)
CHAPTER 5,ka∙thaa kȧ∙ran∙né nǣ,not speaking (e.g. “I am not speaking”) / don’t/doesn’t speak (e.g. “I don’t speak”)
CHAPTER 5,tha∙wȧ∙mȧ,still / yet
CHAPTER 5,i∙gé∙nȧ gan∙né nǣ,not learning (e.g. “I am not learning”) / don’t/doesn’t learn (e.g. “I don’t learn”)
CHAPTER 5,ka∙nȧ∙va∙dhȧ?,eating? (e.g. “Are you eating?”) / eat? (e.g. “Do you eat?”)
CHAPTER 5,ka∙thaa kȧ∙rȧ∙nȧ∙va∙dhȧ?,speaking? (e.g. “Are you speaking?”) / speak? (e.g. “Do you speak?”)
CHAPTER 5,i∙gé∙nȧ gan∙nȧ∙va∙dhȧ?,learning? (e.g. “Are you learning?”) / learn? (e.g. “Do you learn?”)
CHAPTER 6,a∙pi,we / us
CHAPTER 6,o∙bȧ,you
CHAPTER 6,o∙yaa∙la,you
CHAPTER 6,o∙bȧ∙la,you
CHAPTER 6,é∙yaa,he / she / him / her
CHAPTER 6,é∙yaa∙la,they / them
CHAPTER 6,a∙pé,our (e.g. “our name”) / ours (e.g. “This is ours”)
CHAPTER 6,o∙bȧ∙gé,your (e.g. “your name”) / yours (e.g. “This is yours”)
CHAPTER 6,o∙yaa∙la∙gé,your (e.g. “your name”) / yours (e.g. “This is yours”)
CHAPTER 6,o∙bȧ∙la∙gé,your (e.g. “your name”) / yours (e.g. “This is yours”)
CHAPTER 6,é∙yaa∙gé,his / her / his / hers
CHAPTER 6,é∙yaa∙la∙gé,their / theirs
CHAPTER 6,a∙pén,from us
CHAPTER 6,o∙bȧ∙gén,from you
CHAPTER 6,o∙yaa∙la∙gén,from you
CHAPTER 6,o∙bȧ∙la∙gén,from you
CHAPTER 6,é∙yaa∙gén,from him/her
CHAPTER 6,é∙yaa∙la∙gén,from them
CHAPTER 6,a∙pi∙tȧ,to/for us
CHAPTER 6,o∙bȧ∙tȧ,to/for you
CHAPTER 6,o∙yaa∙la∙tȧ,to/for you
CHAPTER 6,o∙bȧ∙la∙tȧ,to/for you
CHAPTER 6,é∙yaa∙tȧ,to/for him/her
CHAPTER 6,é∙yaa∙la∙tȧ,to/for them
CHAPTER 7,ni∙dhaa gan∙nȧ∙va,sleeping (e.g. “I am sleeping”) / sleep / sleeps (e.g. “I sleep”)
CHAPTER 7,ni∙dhaa gan∙né nǣ,not sleeping (e.g. “I am not sleeping”) / don’t/doesn’t sleep (e.g. “I don’t sleep”)
CHAPTER 7,ni∙dhaa gan∙nȧ∙va∙dhȧ?,sleeping? (e.g. “Are you sleeping?”) / sleep? (e.g. “Do you sleep?”)
CHAPTER 7,é∙nȧ∙va,coming (e.g. “I am coming”) / come / comes (e.g. “I come”)
CHAPTER 7,én∙né nǣ,not coming (e.g. “I am not coming”) / don’t/doesn’t come (e.g. “I don’t come”)
CHAPTER 7,é∙nȧ∙va∙dhȧ?,coming? (e.g. “Are you coming?”) / come? (e.g. “Do you come?”)
CHAPTER 7,kȧ∙rȧ∙nȧ∙va,doing (e.g. “I am doing”) / do / does (e.g. “I do”)
CHAPTER 7,kȧ∙ran∙né nǣ,not doing (e.g. “I am not doing”) / don’t/doesn’t do (e.g. “I don’t do”)
CHAPTER 7,kȧ∙rȧ∙nȧ∙va∙dhȧ?,doing? (e.g. “Are you doing?”) / do? (e.g. “Do you do?”)
CHAPTER 7,dhén∙né nǣ,not giving (e.g. “I am not giving”) / don’t/doesn’t give (e.g. “I don’t give”)
CHAPTER 7,dhé∙nȧ∙va∙dhȧ?,giving? (e.g. “Are you giving?”) / give? (e.g. “Do you give?”)
CHAPTER 7,ya∙nȧ∙va,going (e.g. “I am going”) / go / goes (e.g. “I go”)
CHAPTER 7,yan∙né nǣ,not going (e.g. “I am not going”) / don’t/doesn’t go (e.g. “I don’t go”)
CHAPTER 7,ya∙nȧ∙va∙dhȧ?,going? (e.g. “Are you going?”) / go? (e.g. “Do you go?”)
CHAPTER 7,ki∙yȧ∙nȧ∙va,saying (e.g. “I am saying”) / say / says (e.g. “I say”)
CHAPTER 7,ki∙yan∙né nǣ,not saying (e.g. “I am not saying”) / don’t/doesn’t say (e.g. “I don’t say”)
CHAPTER 7,ki∙yȧ∙nȧ∙va∙dhȧ?,saying? (e.g. “Are you saying?”) / say? (e.g. “Do you say?”)
CHAPTER 7,væ∙dȧ kȧ∙rȧ∙nȧ∙va,working (e.g. “I am working”) / work / works (e.g. “I work”)
CHAPTER 7,væ∙dȧ kȧ∙ran∙né nǣ,not working (e.g. “I am not working”) / don’t/doesn’t work (e.g. “I don’t work”)
CHAPTER 7,væ∙dȧ kȧ∙rȧ∙nȧ∙va∙dhȧ?,working? (e.g. “Are you working?”) / work? (e.g. “Do you work?”)
CHAPTER 8,ni∙dhaa gath∙tha,slept
CHAPTER 8,ni∙dhaa gath∙thé nǣ,didn’t sleep
CHAPTER 8,ni∙dhaa gath∙tha∙dhȧ?,slept?
CHAPTER 8,aa∙va,came
CHAPTER 8,aa∙vé nǣ,didn’t come
CHAPTER 8,aa∙va∙dhȧ?,came?
CHAPTER 8,kȧ∙laa,did
CHAPTER 8,kȧ∙lé nǣ,didn’t do
CHAPTER 8,kȧ∙laa∙dhȧ?,did?
CHAPTER 8,dhun∙na,gave
CHAPTER 8,dhun∙né nǣ,didn’t give
CHAPTER 8,dhun∙na∙dhȧ?,gave?
CHAPTER 8,gi∙yaa,went
CHAPTER 8,gi∙yé nǣ,didn’t go
CHAPTER 8,gi∙yaa∙dhȧ?,went?
CHAPTER 8,i∙gé∙nȧ gath∙tha,learned
CHAPTER 8,i∙gé∙nȧ gath∙thé nǣ,didn’t learn
CHAPTER 8,i∙gé∙nȧ gath∙tha∙dhȧ?,learned?
CHAPTER 8,kyuw∙wa,said
CHAPTER 8,kyuw∙wé nǣ,didn’t say
CHAPTER 8,kyuw∙wa∙dhȧ?,learned?
CHAPTER 8,ka∙thaa kȧ∙laa,spoke
CHAPTER 8,ka∙thaa kȧ∙lé nǣ,didn’t speak
CHAPTER 8,ka∙thaa kȧ∙laa∙dhȧ?,spoke?
CHAPTER 8,væ∙dȧ kȧ∙laa,worked
CHAPTER 8,væ∙dȧ kȧ∙lé nǣ,didn’t work
CHAPTER 8,væ∙dȧ kȧ∙laa∙dhȧ?,worked?
CHAPTER 9,ni∙dhaa gan∙nȧ ya∙nȧ∙va,going to sleep (e.g. “I am going to sleep”)
CHAPTER 9,ni∙dhaa gan∙nȧ,sleep! / to sleep
CHAPTER 9,ni∙dhaa gan∙nȧ yan∙né nǣ,not going to sleep (e.g. “I am not going to sleep”)
CHAPTER 9,ni∙dhaa gan∙nam,(I) will sleep
CHAPTER 9,én∙nȧ ya∙nȧ∙va,going to come (e.g. “I am going to come”)
CHAPTER 9,én∙nȧ yan∙né nǣ,not going to come (e.g. “I am not going to come”)
CHAPTER 9,én∙nam,(I) will come
CHAPTER 9,kȧ∙ran∙nȧ ya∙nȧ∙va,going to do (e.g. “I am going to do”)
CHAPTER 9,kȧ∙ran∙nȧ,do! / to do
CHAPTER 9,kȧ∙ran∙nȧ yan∙né nǣ,not going to do (e.g. “I am not going to do”)
CHAPTER 9,kȧ∙ran∙nam,(I) will do
CHAPTER 9,dhén∙nȧ ya∙nȧ∙va,going to give (e.g. “I am going to give”)
CHAPTER 9,dhén∙nȧ yan∙né nǣ,not going to give (e.g. “I am not going to give”)
CHAPTER 9,dhén∙nam,(I) will give
CHAPTER 9,yan∙nȧ ya∙nȧ∙va,going to go (e.g. “I am going to go”)
CHAPTER 9,yan∙nȧ yan∙né nǣ,not going to go (e.g. “I am not going to go”)
CHAPTER 9,yan∙nam,(I) will go
CHAPTER 9,i∙gé∙nȧ gan∙nȧ ya∙nȧ∙va,going to learn (e.g. “I am going to learn”)
CHAPTER 9,i∙gé∙nȧ gan∙nȧ,learn! / to learn
CHAPTER 9,i∙gé∙nȧ gan∙nȧ yan∙né nǣ,not going to learn (e.g. “I am not going to learn”)
CHAPTER 9,i∙gé∙nȧ gan∙nam,(I) will learn
CHAPTER 9,ki∙yan∙nȧ ya∙nȧ∙va,going to say (e.g. “I am going to say”)
CHAPTER 9,ki∙yan∙nȧ,say! / to say
CHAPTER 9,ki∙yan∙nȧ yan∙né nǣ,not going to say (e.g. “I am not going to say”)
CHAPTER 9,ki∙yan∙nam,(I) will say
CHAPTER 9,ka∙thaa kȧ∙ran∙nȧ ya∙nȧ∙va,going to speak (e.g. “I am going to speak”)
CHAPTER 9,ka∙thaa kȧ∙ran∙nȧ,speak! / to speak
CHAPTER 9,ka∙thaa kȧ∙ran∙nȧ yan∙né nǣ,not going to speak (e.g. “I am not going to speak”)
CHAPTER 9,ka∙thaa kȧ∙ran∙nam,(I) will speak
CHAPTER 9,væ∙dȧ kȧ∙ran∙nȧ ya∙nȧ∙va,going to work (e.g. “I am going to work”)
CHAPTER 9,væ∙dȧ kȧ∙ran∙nȧ,work! / to work
CHAPTER 9,væ∙dȧ kȧ∙ran∙nȧ yan∙né nǣ,not going to work (e.g. “I am not going to work”)
CHAPTER 9,væ∙dȧ kȧ∙ran∙nam,(I) will work
CHAPTER 10,dhæn,now
CHAPTER 10,ni∙dhaa gan∙nȧ é∙paa,don’t sleep!
CHAPTER 10,én∙nȧ é∙paa,don’t come!
CHAPTER 10,kȧ∙ran∙nȧ é∙paa,don’t do!
CHAPTER 10,dhén∙nȧ é∙paa,don’t give!
CHAPTER 10,yan∙nȧ é∙paa,don’t go!
CHAPTER 10,i∙gé∙nȧ gan∙nȧ é∙paa,don’t learn!
CHAPTER 10,ki∙yan∙nȧ é∙paa,don’t say!
CHAPTER 10,ka∙thaa kȧ∙ran∙nȧ é∙paa,don’t speak!
CHAPTER 10,væ∙dȧ kȧ∙ran∙nȧ é∙paa,don’t work!
CHAPTER 11,mi∙ni∙ha,man
CHAPTER 11,mi∙nis∙su,men
CHAPTER 11,gæ∙hæ∙ni,woman
CHAPTER 11,gæ∙hæ∙nu,women
CHAPTER 11,la∙mȧ∙ya,child
CHAPTER 11,la∙mayi,children
CHAPTER 11,kol∙la,boy
CHAPTER 11,kol∙lo,boys
CHAPTER 11,kél∙lȧ,girl
CHAPTER 11,kél∙lo,girls
CHAPTER 11,væ∙di∙hi∙ti∙ya,adult
CHAPTER 11,væ∙di∙hi∙ti∙yo,adults
CHAPTER 11,kǣ∙va,ate
CHAPTER 11,kǣ∙vé nǣ,didn’t eat
CHAPTER 11,kan∙nȧ ya∙nȧ∙va,going to eat
CHAPTER 11,kan∙nȧ,eat! / to eat
CHAPTER 12,ḗ∙kȧ,that / it
CHAPTER 12,mo∙kak∙dhȧ?,what?
CHAPTER 12,ko∙ho∙mȧ∙dhȧ?,how?
CHAPTER 12,mḗ∙va,these
CHAPTER 12,ḗ∙va,those
CHAPTER 12,mo∙nȧ∙va∙dhȧ?,what?
CHAPTER 12,mḗ∙ké,of this
CHAPTER 12,ḗ∙ké,of that / of it
CHAPTER 12,mḗ∙va∙yé,of these
CHAPTER 12,ḗ∙va∙yé,of those
CHAPTER 12,mḗ∙kén,from this
CHAPTER 12,ḗ∙kén,from that / from it
CHAPTER 12,mḗ∙va∙yén,from these
CHAPTER 12,ḗ∙va∙yén,from those
CHAPTER 12,gan∙nȧ,take! / to take
CHAPTER 12,mḗ∙kȧ∙tȧ,to/for this
CHAPTER 12,ḗ∙kȧ∙tȧ,to/for that / to/for it
CHAPTER 12,mḗ∙va∙tȧ,to/for these
CHAPTER 12,ḗ∙va∙tȧ,to/for those
CHAPTER 12,kee∙yȧ∙dhȧ?,how much?
CHAPTER 13,mé∙yaa,this person
CHAPTER 13,kauw∙dhȧ?,who?
CHAPTER 13,yaa∙lu∙va,friend
CHAPTER 13,mé∙yaa∙la,these people
CHAPTER 13,yaa∙lu∙vo,friends
CHAPTER 13,mé∙yaa∙gé,this person’s
CHAPTER 13,mé∙yaa∙la∙gé,these people’s
CHAPTER 13,nam,names
CHAPTER 13,mé∙yaa∙gén,from this person
CHAPTER 13,mé∙yaa∙la∙gén,from these people
CHAPTER 13,mé∙yaa∙tȧ,to/for this person
CHAPTER 13,mé∙yaa∙la∙tȧ,to/for these people
CHAPTER 14,mé∙hé,here
CHAPTER 14,é∙hé,there
CHAPTER 14,in∙nȧ,wait! / to wait
CHAPTER 14,mé∙hén,from here
CHAPTER 14,é∙hén,from there
CHAPTER 14,mé∙hé∙tȧ,to here
CHAPTER 14,é∙hé∙tȧ,to there
CHAPTER 15,æyi?,why?
CHAPTER 15,æyi næth∙thé?,why not?
CHAPTER 15,ko∙hé∙dhȧ?,where?
CHAPTER 15,yan∙né,going / go / goes
CHAPTER 15,ko∙hén∙dhȧ?,from where?
CHAPTER 15,én∙né,coming / come / comes
CHAPTER 15,ko∙hé∙tȧ∙dhȧ?,to where?
CHAPTER 15,kaa∙gé∙dhȧ?,whose?
CHAPTER 15,kaa∙gén∙dhȧ?,from whom?
CHAPTER 15,kaa∙tȧ∙dhȧ?,to/for whom?
CHAPTER 15,o∙né,want (e.g. “I want this”)
CHAPTER 15,kȧ∙ran∙né,doing / do / does
CHAPTER 15,prash∙nȧyȧ,question / issue / problem
CHAPTER 15,vu∙nḗ,happened
CHAPTER 15,mo∙kén∙dhȧ?,what from?
CHAPTER 15,mo∙nȧ∙va∙yén∙dhȧ?,what from?
CHAPTER 15,mo∙kȧ∙tȧ∙dhȧ?,to/for what?
CHAPTER 15,mo∙nȧ∙va∙tȧ∙dhȧ?,to/for what?
CHAPTER 15,ka∙vȧ∙dha∙dhȧ?,when?
CHAPTER 15,thi∙yén∙né,there is/are
CHAPTER 15,vén∙né,are/is happening / happen/happens
CHAPTER 15,kee∙yȧ∙tȧ∙dhȧ?,when?
CHAPTER 15,ka∙vȧ∙dha iňdhan∙dhȧ?,from/since when?
CHAPTER 15,kee∙yé iňdhan∙dhȧ?,from/since when?
CHAPTER 15,in∙né,waiting / wait / waits
CHAPTER 15,ka∙vȧ∙dha∙tȧ∙dhȧ?,for when?
CHAPTER 15,koyi é∙kȧ∙dhȧ?,which one?
CHAPTER 15,koyi ḗ∙va∙dhȧ?,which ones?
CHAPTER 15,koyi ék∙ké∙naa∙dhȧ?,which one?
CHAPTER 15,dhan∙né,knowing / know / knows
CHAPTER 15,kee∙yak∙dhȧ?,how many?
CHAPTER 15,kee∙dhé∙nék∙dhȧ?,how many?
CHAPTER 15,poth,books
CHAPTER 16,kȧ∙ran∙nȧ∙dhȧ?,Shall (I) do?
CHAPTER 16,kȧ∙ran∙nȧ é∙paa∙dhȧ?,Shall (I) not do?
CHAPTER 16,dhan∙nȧ∙va,knowing (e.g. “I am knowing”) / know / knows (e.g. “I know”)
CHAPTER 16,dhan∙né nǣ,not knowing (e.g. “I am not knowing”) / don’t/doesn’t know (e.g. “I don’t know”)
CHAPTER 16,dhan∙nȧ∙va∙dhȧ?,knowing? (e.g. “Are you knowing?”) / know? (e.g. “Do you know?”)
CHAPTER 16,dhan∙né nædh∙dhȧ?,not knowing? (e.g. “Are you not knowing?”) / don’t/doesn’t know? (e.g. “Don’t you know?”)
CHAPTER 16,aa∙sayi,liking (e.g. “I am liking”) / like / likes (e.g. “I like”)
CHAPTER 16,aa∙sȧ nǣ,not liking (e.g. “I am not liking”) / don’t/doesn’t like (e.g. “I don’t like”)
CHAPTER 16,go∙dak,a lot
CHAPTER 16,pod∙dak∙vath,not at all / not even a little
CHAPTER 16,aa∙sȧ∙dhȧ?,liking? (e.g. “Are you liking?”) / like? (e.g. “Do you like?”)
CHAPTER 16,aa∙sȧ nædh∙dhȧ?,not liking? (e.g. “Are you not liking?”) / don’t/doesn’t like? (e.g. “Don’t you like?”)
CHAPTER 16,pu∙lu∙wan,can (e.g. “I can”)
CHAPTER 16,bǣ,can’t (e.g. “I can’t”)
CHAPTER 16,pu∙lu∙wan∙dhȧ?,can? (e.g. “Can you?”)
CHAPTER 16,bæ∙ri∙dhȧ?,can’t? (e.g. “Can’t you?”)
CHAPTER 16,é∙paa,don’t want (e.g. “I don’t want this”)
CHAPTER 16,dhé∙yak,a thing
CHAPTER 16,mo∙kak∙vath,none / nothing
CHAPTER 16,ō∙né∙dhȧ?,want? (e.g. “Do you want?”)
CHAPTER 16,é∙paa∙dhȧ?,don’t want? (e.g. “Don’t you want?”)
CHAPTER 16,mo∙kak∙ha∙ri,any
CHAPTER 16,a∙vash∙yayi,need / needs (e.g. “I need”) / is needed (e.g. “It is needed”)
CHAPTER 16,a∙vash∙yȧ nǣ,don’t/doesn’t need (e.g. “I don’t need”) / is not needed (e.g. “It is not needed”)
CHAPTER 16,a∙vash∙yȧ∙dhȧ?,need? (e.g. “Do you need?”) / is needed? (e.g. “Is it needed?”)
CHAPTER 16,a∙vash∙yȧ nædh∙dhȧ?,don’t/doesn’t need? (e.g. “Don’t you need?”) / is not needed? (e.g. “Is it not needed?”)
CHAPTER 16,thi∙yé∙nȧ∙va,have / has (e.g. “I have a book”)
CHAPTER 16,thi∙yé∙nȧ∙va∙dhȧ?,have? (e.g. “Do you have a book?”)
CHAPTER 16,nædh∙dhȧ?,don’t/doesn’t have? (e.g. “Don’t you have a book?”)
CHAPTER 16,in∙nȧ∙va,have / has (e.g. “I have a dog”)
CHAPTER 16,in∙nȧ∙va∙dhȧ?,have? (e.g. “Do you have a dog?”)
CHAPTER 16,a∙nḗ!,Oh!
CHAPTER 16,ayi∙yō!,Oh no!
CHAPTER 16,a∙pȧ∙raa∙dhé!,That’s a shame! / That’s too bad
CHAPTER 16,shaa!,Wow!
CHAPTER 16,ma∙ru,Awesome! / awesome
CHAPTER 16,nḗ∙dhȧ?,Isn’t it?
CHAPTER 16,æth∙thȧ∙dhȧ?,Really?
CHAPTER 16,prash∙nȧ∙yak nǣ,No problem
CHAPTER 16,ka∙mak nǣ,Doesn’t matter
CHAPTER 16,an∙nȧ,There you go / There it is
CHAPTER 16,ḗth…,But / However..
CHAPTER 16,ḗ∙kȧ ha∙ri,That’s right/correct
CHAPTER 16,a∙ni∙vaar∙yȧ∙yén!,For sure!
CHAPTER 16,ma∙chang,buddy / pal / dude
CHAPTER 17,pauw∙lȧ,family
CHAPTER 17,dhé∙mauw∙pi∙yo,parents
CHAPTER 17,sa∙hō∙dhȧ∙rȧ∙yo,brothers
CHAPTER 17,sa∙hō∙dhȧ∙rȧ sa∙hō∙dhȧ∙ri∙yo,brothers & sisters / siblings
CHAPTER 17,aach∙chiyi see∙ya,grandparents
CHAPTER 17,nǣ∙yo,relatives
CHAPTER 17,sa∙hō∙dhȧ∙ri∙yo,sisters
CHAPTER 17,thaath∙tha,father / “father”
CHAPTER 17,ham∙bȧ vé∙laa,(has/have) met / meet and...
CHAPTER 17,ham∙bȧ vé∙laa nǣ,(has/have) not met
CHAPTER 17,am∙ma,mother / “mother”
CHAPTER 17,pu∙thaa,son
CHAPTER 17,dhu∙wȧ,daughter
CHAPTER 17,ayi∙ya,elder brother
CHAPTER 17,mal∙li,younger brother
CHAPTER 17,ak∙ka,older sister
CHAPTER 17,nan∙gi,younger sister
CHAPTER 17,ma∙hath∙thȧ∙ya,husband
CHAPTER 17,nō∙na,wife
CHAPTER 17,gȧl frénd (“girlfriend”),girlfriend
CHAPTER 17,nǣ∙ya,relative
CHAPTER 18,gḗ,house
CHAPTER 18,ȧ∙paat∙mȧnt (“apartment”) é∙kȧ,apartment / flat
CHAPTER 18,las∙sȧ∙nayi,(am/are/is) beautiful / good- looking
CHAPTER 18,lo∙kuyi,(am/are/is) big
CHAPTER 18,gé∙dhȧ∙rȧ,home
CHAPTER 18,kaa∙mȧ∙rȧ∙yȧ,room
CHAPTER 18,æ∙thu∙lé,inside
CHAPTER 18,in∙nȧ∙va∙dhȧ?,waiting? (e.g. “Are you waiting?”) / wait? (e.g. “Do you wait?”)
CHAPTER 18,po∙diyi,(am/are/is) big
CHAPTER 18,pi∙li∙vé∙layi,(am/are/is) tidy
CHAPTER 18,ni∙dhaa gan∙nȧ kaa∙mȧ∙rȧ∙yȧ,bedroom
CHAPTER 18,naa∙nȧ kaa∙mȧ∙rȧ∙yȧ,bathroom
CHAPTER 18,saa∙lȧ∙yȧ,living room / sitting room / hall
CHAPTER 18,kus∙si∙yȧ,kitchen
CHAPTER 18,pǣn∙tri∙yȧ,pantry
CHAPTER 18,ga∙raaj (“garage”) é∙kȧ,garage
CHAPTER 18,see∙li∙mȧ,ceiling
CHAPTER 18,dho∙rȧ,door
CHAPTER 18,po∙lo∙wȧ,floor
CHAPTER 18,bith∙thi∙yȧ,wall
CHAPTER 18,ja∙nḗ∙lȧ∙yȧ,window
CHAPTER 18,bæl∙kȧ∙ni∙yȧ,balcony
CHAPTER 18,vath∙thȧ,garden / lawn
CHAPTER 18,pal∙lé∙ha that∙tu∙wȧ,ground floor / downstairs
CHAPTER 18,ko∙ri∙dō∙vȧ,corridor
CHAPTER 18,is∙thōp∙pu∙wȧ,veranda / porch
CHAPTER 18,va∙ha∙lȧ,roof
CHAPTER 18,pa∙di pé∙lȧ,staircase
CHAPTER 18,u∙dȧ that∙tu∙wȧ,upstairs
CHAPTER 18,baath tab (“bath tub”) é∙kȧ,bath tub
CHAPTER 18,flash (“flush”) é∙kȧ,flush
CHAPTER 18,ko∙mōd (“commode”) é∙kȧ,flush toilet
CHAPTER 18,kan∙naa∙di∙yȧ,mirror
CHAPTER 18,sha∙wȧr (“shower”) é∙kȧ,shower
CHAPTER 18,sink (“sink”) é∙kȧ,sink / washbasin
CHAPTER 18,tæp (“tap”) é∙kȧ,tap
CHAPTER 18,thu∙waa∙yȧ,towel
CHAPTER 18,æňdhȧ,bed
CHAPTER 18,æňdhȧ æ∙thi∙ril∙lȧ,bedsheet
CHAPTER 18,po∙rȧ∙vȧ∙nȧ rédh∙dhȧ,blanket
CHAPTER 18,kan∙naa∙di mḗ∙sȧ∙yȧ,dressing table
CHAPTER 18,mét∙tȧ∙yȧ,mattress
CHAPTER 18,kot∙tȧ∙yȧ,pillow
CHAPTER 18,al∙maa∙ri∙yȧ,wardrobe / cupboard
CHAPTER 18,kos∙sȧ,broom
CHAPTER 18,thaach∙chi∙yȧ,frying pan
CHAPTER 18,jog∙gu∙wȧ,jug
CHAPTER 18,kḗ∙thȧ∙lȧ∙yȧ,kettle
CHAPTER 18,mayi∙kro∙wḗv (“microwave”) é∙kȧ,microwave oven
CHAPTER 18,pō∙rȧ∙nu∙wȧ,oven
CHAPTER 18,frij (“fridge”) é∙kȧ,refrigerator / fridge
CHAPTER 18,saas∙paa∙nȧ∙yȧ,saucepan
CHAPTER 18,li∙pȧ,stove
CHAPTER 18,tōs∙tȧr (“toaster”) é∙kȧ,toaster
CHAPTER 18,kaa∙pȧt (“carpet”) é∙kȧ,carpet
CHAPTER 18,ka∙vich∙chi∙yȧ,couch
CHAPTER 18,sé∙ti∙yȧ,settee
CHAPTER 18,pu∙tu∙wȧ,chair
CHAPTER 18,kǣ∙mȧ ka∙nȧ mḗ∙sȧ∙yȧ,dining table
CHAPTER 18,mḗ∙sȧ∙yȧ,table
CHAPTER 18,mḗ∙sȧ rédh∙dhȧ,table cloth
CHAPTER 18,éyaa kȧn∙di∙shȧ∙nȧr (“air conditioner”) é∙kȧ,air conditioner
CHAPTER 18,ja∙nḗl rédh∙dhȧ,curtain
CHAPTER 18,fǣn (“fan”) é∙kȧ,electric fan
CHAPTER 18,plag poyint (“plug point”) é∙kȧ,electric socket
CHAPTER 18,a∙yȧn (“iron”) é∙kȧ,iron
CHAPTER 18,ya∙thu∙rȧ,key
CHAPTER 18,laam∙pu∙wȧ,lamp
CHAPTER 18,ma∙lȧ,flower
CHAPTER 18,mal pōch∙chi∙yȧ,flower pot
CHAPTER 18,tha∙nȧ ko∙lȧ,grass
CHAPTER 18,thaap∙pȧ∙yȧ,perimeter wall
CHAPTER 18,pæ∙lȧ∙yȧ,plant
CHAPTER 18,ga∙ha,tree
CHAPTER 19,æňgȧ,body
CHAPTER 19,mu∙hu∙nȧ,face
CHAPTER 19,ri∙dhé∙nȧ∙va∙dhȧ?,hurting? (e.g. “Is it hurting?”) / hurt? (e.g. “Does it hurt?”)
CHAPTER 19,ri∙dhé∙nȧ∙va,hurting (e.g. “It is hurting”) / hurt / hurts (e.g. “It hurts”)
CHAPTER 19,ri∙dhén∙né nǣ,not hurting (e.g. “It’s not hurting”) / don’t/doesn’t hurt (e.g. “It doesn’t hurt”)
CHAPTER 19,ka∙ku∙lȧ,leg / foot
CHAPTER 19,ka∙kul,legs
CHAPTER 19,dha∙ku∙nu,right
CHAPTER 19,vam,left
CHAPTER 19,a∙thȧ,arm / hand
CHAPTER 19,ath,arms / hands
CHAPTER 19,pi∙tȧ,back
CHAPTER 19,pa∙pu∙wȧ,chest
CHAPTER 19,æňgil∙lȧ,finger
CHAPTER 19,æňgi∙li,fingers
CHAPTER 19,o∙lu∙wȧ,head
CHAPTER 19,dha∙nȧ hi∙sȧ,knee
CHAPTER 19,dha∙nȧ his,knees
CHAPTER 19,bél∙lȧ,neck
CHAPTER 19,u∙rȧ hi∙sȧ,shoulder
CHAPTER 19,u∙rȧ his,shoulders
CHAPTER 19,ba∙dȧ,stomach / abdomen
CHAPTER 19,ka∙ku∙lé æňgil∙lȧ,toe
CHAPTER 19,ka∙ku∙lé æňgi∙li,toes
CHAPTER 19,kam∙mu∙lȧ,cheek
CHAPTER 19,kam∙mul,cheeks
CHAPTER 19,ni∙kȧ∙tȧ,chin
CHAPTER 19,ka∙nȧ,ear
CHAPTER 19,kan,ears
CHAPTER 19,æ∙hæ,eye
CHAPTER 19,æs,eyes
CHAPTER 19,na∙lȧ∙lȧ,forehead
CHAPTER 19,kon∙dȧ∙yȧ,hair
CHAPTER 19,tho∙lȧ,lip
CHAPTER 19,thol,lips
CHAPTER 19,ka∙tȧ,mouth
CHAPTER 19,na∙ha∙yȧ,nose
CHAPTER 19,dhi∙vȧ,tongue
CHAPTER 19,dha∙thȧ,tooth
CHAPTER 19,dhath,teeth
CHAPTER 20,paa∙tȧ,color
CHAPTER 20,paa∙tȧ∙tȧ,to/for the color
CHAPTER 20,paa∙tȧ∙val,colors
CHAPTER 20,paa∙tȧ∙val vȧ∙lȧ∙tȧ,to/for the colors
CHAPTER 20,ra∙thu,red
CHAPTER 20,paa∙tayi,is (a specific) color
CHAPTER 20,laa,light (e.g. “light color”)
CHAPTER 20,ka∙lu,black
CHAPTER 20,nil,blue
CHAPTER 20,ko∙lȧ,green
CHAPTER 20,thæmbi∙li,orange
CHAPTER 20,rō∙sȧ,pink
CHAPTER 20,su∙dhu,white
CHAPTER 20,ka∙ha,yellow
CHAPTER 21,kǣ∙mȧ,food
CHAPTER 21,bee∙mȧ,drinks
CHAPTER 21,tha∙wȧ,more
CHAPTER 21,ba∙dȧ gi∙ni∙dhȧ?,(am/are/is) hungry?
CHAPTER 21,ba∙dȧ gi∙niyi,(am/are/is) hungry
CHAPTER 21,ba∙dȧ gi∙ni nǣ,(am/are/is) not hungry
CHAPTER 21,thi∙ba∙ha∙dhȧ?,(am/are/is) thirsty?
CHAPTER 21,thi∙ba∙hayi,(am/are/is) thirsty
CHAPTER 21,thi∙ba∙ha nǣ,(am/are/is) not thirsty
CHAPTER 21,bath,rice
CHAPTER 21,ka∙tak,a bite
CHAPTER 21,hæn∙dhak,a spoon
CHAPTER 21,piňgaa∙nak,a plate
CHAPTER 21,dhee∙si∙yak,a dish
CHAPTER 21,ha∙rak mas,beef
CHAPTER 21,paan,bread
CHAPTER 21,ku∙kul mas,chicken
CHAPTER 21,bith∙thȧ∙rȧ,eggs
CHAPTER 21,maa∙lu,fish
CHAPTER 21,pa∙lȧ∙thu∙ru,fruits
CHAPTER 21,dhaan∙yȧ var∙gȧ,grains / legumes / pulses
CHAPTER 21,mas,meat
CHAPTER 21,é∙lu mas,mutton / goat meat
CHAPTER 21,oo∙ru mas,pork
CHAPTER 21,mu∙hu∙dhu kǣ∙mȧ,seafood
CHAPTER 21,e∙lȧ∙vȧ∙lu,vegetables
CHAPTER 21,thḗ,tea
CHAPTER 21,bo∙nȧ∙va∙dhȧ?,drinking? (e.g. “Are you drinking?”) / drink? (e.g. “Do you drink?”)
CHAPTER 21,bon∙nȧ,drink! / to drink
CHAPTER 21,bo∙nȧ∙va,drinking (e.g. “I am drinking”) / drink / drinks (e.g. “I drink”)
CHAPTER 21,bon∙né nǣ,not drinking (e.g. “I am not drinking”) / don’t/doesn’t drink (e.g. “I don’t drink”)
CHAPTER 21,u∙gu∙rak,a sip
CHAPTER 21,kōp∙pȧ∙yak,a cup
CHAPTER 21,vee∙dhu∙ru∙wak,a glass
CHAPTER 21,jog∙gu∙wak,a jug
CHAPTER 21,bō∙thȧ∙lȧ∙yak,a bottle
CHAPTER 21,lan∙kaa∙vé thḗ,Sri Lankan tea
CHAPTER 21,lan∙kaa∙vé,of Sri Lanka / Sri Lankan / in Sri Lanka
CHAPTER 21,kō∙pi,coffee
CHAPTER 21,ki∙ri,milk
CHAPTER 21,va∙thu∙rȧ,water
CHAPTER 21,bō∙thal va∙thu∙rȧ,bottled water
CHAPTER 21,pa∙lȧ∙thu∙ru bee∙mȧ,fruit juice
CHAPTER 21,li∙kȧr (“liquor”),alcohol
CHAPTER 21,a∙rak∙ku,arrack
CHAPTER 22,pa∙lȧ∙thu∙rȧ,fruit
CHAPTER 22,e∙lȧ∙vȧ∙lu∙vȧ,vegetable
CHAPTER 22,dhaan∙yȧ var∙gȧ∙yȧ,grain / legume / pulse
CHAPTER 22,na∙rak vé∙laa,(has/have) got spoiled
CHAPTER 22,pa∙lȧ∙thu∙rȧ∙tȧ,to/for the fruit
CHAPTER 22,lan∙kaa∙vé pa∙lȧ∙thu∙ru,Sri Lankan fruits
CHAPTER 22,lan∙kaa∙vé e∙lȧ∙vȧ∙lu,Sri Lankan vegetables
CHAPTER 22,pa∙lȧ∙thu∙ru vȧ∙lȧ∙tȧ,to/for the fruits
CHAPTER 22,kaa∙la,has eaten / eat and...
CHAPTER 22,ba∙lan∙nȧ,watch/look! / to watch/look
CHAPTER 22,æ∙pȧl,apple
CHAPTER 22,æ∙pȧl vȧ∙lȧ∙tȧ,to/for apple
CHAPTER 22,ké∙hél∙kan,banana
CHAPTER 22,pol,coconut
CHAPTER 22,mi∙dhi,grapes
CHAPTER 22,dhé∙hi,lime
CHAPTER 22,ambȧ,mango
CHAPTER 22,dho∙dam,orange
CHAPTER 22,gas la∙bu,papaya
CHAPTER 22,pyaas (“pears”),pear
CHAPTER 22,an∙naa∙si,pineapple
CHAPTER 22,thak∙kaa∙li,tomato
CHAPTER 22,pæ∙ni ko∙mȧ∙du,watermelon
CHAPTER 22,vam∙ba∙tu,brinjal / eggplant / aubergine
CHAPTER 22,gō∙va,cabbage
CHAPTER 22,kæ∙rȧt (“carrot”),carrot
CHAPTER 22,mal gō∙va,cauliflower
CHAPTER 22,sæl∙dhi∙ri,celery
CHAPTER 22,pi∙pin∙ya,cucumber
CHAPTER 22,leeks (“leeks”),leeks
CHAPTER 22,sḗ∙rȧ,lemongrass
CHAPTER 22,sa∙laa∙dhȧ ko∙lȧ,lettuce leaves
CHAPTER 22,ha∙thu,mushroom
CHAPTER 22,a∙lȧ,potato / yam
CHAPTER 22,vat∙tak∙ka,pumpkin
CHAPTER 22,ni∙vi∙thi,spinach
CHAPTER 22,bōn∙chi,beans
CHAPTER 22,ka∙ju,cashew nut
CHAPTER 22,ka∙dȧ∙lȧ,chickpeas
CHAPTER 22,i∙riňgu,corn
CHAPTER 22,green pees (“green peas”),green peas
CHAPTER 22,pa∙rip∙pu,lentils / dhal
CHAPTER 22,ra∙tȧ ka∙ju,peanut
CHAPTER 22,sō∙ya bōn∙chi,soybean / soya bean
CHAPTER 22,thi∙riňgu,wheat
CHAPTER 23,sa∙thaa,animal
CHAPTER 23,sath∙thu,animals
CHAPTER 23,ha∙ri,very / okay
CHAPTER 23,ku∙rul∙la,bird
CHAPTER 23,ku∙rul∙lo,birds
CHAPTER 23,maa∙lu∙wa,fish
CHAPTER 23,maa∙lu∙wo,fish
CHAPTER 23,kru∙mi∙ya,insect
CHAPTER 23,kru∙mi∙yo,insects
CHAPTER 23,u∙rȧ∙gȧ∙ya,reptile
CHAPTER 23,u∙rȧ∙gȧ∙yo,reptiles
CHAPTER 23,sar∙pȧ∙ya,serpent
CHAPTER 23,sar∙pȧ∙yo,serpents
CHAPTER 23,poo∙sa,cat
CHAPTER 23,sa∙thaa∙tȧ,to/for the animal
CHAPTER 23,sin∙hȧ∙lén,in Sinhala
CHAPTER 23,ki∙yan∙né,saying / say / says
CHAPTER 23,ha∙rȧ∙ka,bull
CHAPTER 23,é∙lȧ∙dhé∙nȧ,cow
CHAPTER 23,bal∙la,dog
CHAPTER 23,a∙li∙ya,elephant
CHAPTER 23,é∙lu∙wa,goat
CHAPTER 23,ash∙vȧ∙ya,horse
CHAPTER 23,sin∙hȧ∙ya,lion
CHAPTER 23,vaňdhu∙ra,monkey
CHAPTER 23,mee∙ya,mouse / rat
CHAPTER 23,oo∙ra,pig
CHAPTER 23,ko∙ti∙ya,tiger
CHAPTER 23,kaak∙ka,crow
CHAPTER 23,ku∙rul∙la∙tȧ,to/for the bird
CHAPTER 23,ku∙ku∙la,chicken
CHAPTER 23,thaa∙raa∙va,duck
CHAPTER 23,u∙kus∙sa,hawk
CHAPTER 23,mayi∙na,mynah bird
CHAPTER 23,pæs∙bȧ∙ra,ostrich
CHAPTER 23,ba∙kȧ∙moo∙na,owl
CHAPTER 23,mo∙nȧ∙ra,peacock
CHAPTER 23,pa∙rȧ∙vi∙ya,pigeon
CHAPTER 23,gḗ ku∙rul∙la,house sparrow
CHAPTER 23,hang∙sȧ∙ya,swan
CHAPTER 23,mō∙ra,shark
CHAPTER 23,maa∙lu∙wa∙tȧ,to/for the fish
CHAPTER 23,ka∙ku∙lu∙wa,crab
CHAPTER 23,po∙ki∙riss∙sa,lobster
CHAPTER 23,is∙sa,prawn
CHAPTER 23,kæs∙bǣ∙wa,sea-turtle
CHAPTER 23,koo∙nis∙sa,shrimp
CHAPTER 23,thal∙ma∙ha,whale
CHAPTER 23,koom∙bi∙ya,ant
CHAPTER 23,kru∙mi∙ya∙tȧ,to/for the insect
CHAPTER 23,mee mæs∙sa,bee
CHAPTER 23,sa∙mȧ∙nȧ∙lȧ∙ya,butterfly
CHAPTER 23,path∙thǣ∙ya,centipede
CHAPTER 23,kæ∙rȧ∙poth∙tha,cockroach
CHAPTER 23,ka∙naa mæ∙dhi∙ri∙ya,firefly
CHAPTER 23,mæs∙sa,fly
CHAPTER 23,ka∙tus∙sa,garden lizard
CHAPTER 23,hoo∙na,gecko
CHAPTER 23,ma∙dhu∙ru∙wa,mosquito
CHAPTER 23,go∙lu∙bél∙la,snail
CHAPTER 23,ma∙ku∙lu∙wa,spider
CHAPTER 23,lḗ∙na,squirrel
CHAPTER 23,na∙yaa,cobra
CHAPTER 23,u∙rȧ∙gȧ∙ya∙tȧ,to/for the reptile
CHAPTER 23,sar∙pȧ∙ya∙tȧ,to/for the serpent
CHAPTER 23,kimbu∙la,crocodile
CHAPTER 23,gém∙ba,frog
CHAPTER 23,tha∙lȧ∙go∙yaa,monitor
CHAPTER 23,pimbu∙ra,python
CHAPTER 23,mæ∙di∙ya,toad
CHAPTER 23,ib∙ba,tortoise
CHAPTER 23,ka∙bȧ∙rȧ∙go∙yaa,water monitor
CHAPTER 24,thath∙pȧ∙rȧ∙yak,a second
CHAPTER 24,mi∙nith∙thu∙wak,a minute
CHAPTER 24,pæ∙yak,an hour
CHAPTER 24,thath∙pȧ∙rȧ,seconds
CHAPTER 24,mi∙nith∙thu,minutes
CHAPTER 24,pæ∙yȧ,hours
CHAPTER 24,pa∙hak,five
CHAPTER 24,ik∙mȧ∙nȧ∙tȧ,soon
CHAPTER 24,ka∙lin,before / earlier
CHAPTER 24,pas∙sé,later / after
CHAPTER 24,dhaen∙mȧ∙mȧ,right away
CHAPTER 24,va∙haa∙mȧ,immediately / urgently / right away
CHAPTER 24,pu∙lu∙wan tha∙ram ik∙mȧ∙nȧ∙tȧ,as soon as possible
CHAPTER 24,ni∙thȧ∙rȧ∙mȧ,often
CHAPTER 24,hæ∙mȧ this∙sé∙mȧ,always
CHAPTER 24,ō∙nȧ vé∙laa∙vȧ∙kȧ∙tȧ,anytime
CHAPTER 24,hæ∙mȧ sæ∙rḗ∙tȧ∙mȧ,each time
CHAPTER 24,ka∙laa∙thu∙ré∙kin,rarely
CHAPTER 24,sa∙mȧ∙ha∙rȧ vé∙laa∙vȧ∙tȧ,sometimes
CHAPTER 24,iňdhȧ∙la hi∙tȧ∙la,time and again
CHAPTER 25,dha∙vȧ∙sȧ,day
CHAPTER 25,dha∙vas,days
CHAPTER 25,kee∙yȧ∙kȧ∙tȧ∙dhȧ?,to/for how many?
CHAPTER 25,a∙dhȧ,today
CHAPTER 25,thib∙bé,there was/were
CHAPTER 25,thib∙bé nǣ,there wasn’t/weren’t
CHAPTER 25,ee∙yé,yesterday
CHAPTER 25,hé∙tȧ,tomorrow
CHAPTER 25,pé∙rḗ∙dha,day before yesterday
CHAPTER 25,a∙nidh∙dha,day after tomorrow
CHAPTER 25,hæ∙mȧ dha∙vȧ∙sȧ∙mȧ,everyday
CHAPTER 25,hæ∙mȧ,every
CHAPTER 25,u∙dhḗ,morning / in the morning
CHAPTER 25,dha∙val,noon / afternoon
CHAPTER 25,ha∙vȧ∙sȧ,evening
CHAPTER 25,rǣ,night
CHAPTER 25,ee∙yé u∙dhḗ,last morning
CHAPTER 25,a∙dhȧ u∙dhḗ,this morning
CHAPTER 25,hé∙tȧ u∙dhḗ,tomorrow morning
CHAPTER 25,saňdhu∙dha,Monday
CHAPTER 25,aňgȧ∙ha∙ru∙waa∙dha,Tuesday
CHAPTER 25,ba∙dhaa∙dha,Wednesday
CHAPTER 25,bra∙has∙pȧ∙thin∙dha,Thursday
CHAPTER 25,si∙ku∙raa∙dha,Friday
CHAPTER 25,sé∙nȧ∙su∙raa∙dha,Saturday
CHAPTER 25,i∙ri∙dha,Sunday
CHAPTER 25,sa∙thi∙yȧ,week
CHAPTER 25,sa∙thi an∙thȧ∙yȧ,weekend
CHAPTER 25,maa∙sȧ∙yȧ,month
CHAPTER 25,auw∙rudh∙dhȧ,year
CHAPTER 25,gi∙yȧ,past / last (e.g. “past year”)
CHAPTER 25,é∙nȧ,coming / next (e.g. “next year”)
CHAPTER 25,sa∙thi,weeks
CHAPTER 25,maa∙sȧ,months
CHAPTER 25,auw∙ru∙dhu,years
CHAPTER 25,ja∙nȧ∙vaa∙ri,January
CHAPTER 25,pé∙bȧ∙rȧ∙vaa∙ri,February
CHAPTER 25,maar∙thu,March
CHAPTER 25,a∙prḗl,April
CHAPTER 25,mæyi,May
CHAPTER 25,joo∙ni,June
CHAPTER 25,joo∙li,July
CHAPTER 25,a∙gōs∙thu,August
CHAPTER 25,sæp∙thæm∙bȧr,September
CHAPTER 25,ok∙thō∙bȧr,October
CHAPTER 25,no∙væm∙bȧr,November
CHAPTER 25,dhé∙sæm∙bȧr,December
CHAPTER 25,hæ∙mȧ∙dhaa∙mȧ,every week
CHAPTER 25,hæ∙mȧ sa∙thi∙yȧ∙mȧ,every week
CHAPTER 25,hæ∙mȧ maa∙sȧ∙yȧ∙mȧ,every month
CHAPTER 25,hæ∙mȧ awu∙rudh∙dhȧ∙mȧ,every year
CHAPTER 25,baňdhin∙nam,(I) will marry
CHAPTER 25,ō∙nȧ,any
CHAPTER 25,ō∙nȧ dha∙vȧ∙sȧ∙kȧ,any day
CHAPTER 25,ham∙bȧ vén∙nȧ,meet! / to meet
CHAPTER 26,é∙kak,one
CHAPTER 26,dhé∙kak,two
CHAPTER 26,thu∙nak,three
CHAPTER 26,kee∙yak,how many / quantity
CHAPTER 26,ék∙ké∙nek,one / a person
CHAPTER 26,dhén∙nék,two
CHAPTER 26,thun dhé∙nék,three
CHAPTER 26,ha∙thȧ∙rak,four
CHAPTER 26,ha∙yak,six
CHAPTER 26,ha∙thak,seven
CHAPTER 26,a∙tak,eight
CHAPTER 26,na∙mȧ∙yak,nine
CHAPTER 26,dha∙ha∙yak,ten
CHAPTER 26,ha∙thȧ∙rȧ dhé∙nék,four
CHAPTER 26,pas dhé∙nék,five
CHAPTER 26,ha∙yȧ dhé∙nék,six
CHAPTER 26,hath dhé∙nék,seven
CHAPTER 26,a∙tȧ dhé∙nék,eight
CHAPTER 26,na∙mȧ dhé∙nék,nine
CHAPTER 26,dha∙ha dhé∙nék,ten
CHAPTER 27,pa∙lȧ∙væ∙ni,first
CHAPTER 27,dhé∙væ∙ni,second
CHAPTER 27,thun∙væ∙ni,third
CHAPTER 27,sæ∙rḗ,time / occasion (e.g. “first time”)
CHAPTER 27,pa∙lȧ∙væ∙ni∙dhaa,first
CHAPTER 27,dhé∙væ∙ni∙dhaa,second
CHAPTER 27,thun∙væ∙ni∙dhaa,third
CHAPTER 27,dhi∙nȧ∙yȧ,date
CHAPTER 27,u∙pan dhi∙nȧ∙yȧ,birthday
CHAPTER 27,ha∙thȧ∙rȧ∙væ∙ni,fourth
CHAPTER 27,pas∙væ∙ni,fifth
CHAPTER 27,ha∙yȧ∙væ∙ni,sixth
CHAPTER 27,hath∙væ∙ni,seventh
CHAPTER 27,a∙tȧ∙væ∙ni,eighth
CHAPTER 27,na∙mȧ∙væ∙ni,ninth
CHAPTER 27,dha∙ha∙væ∙ni,tenth
CHAPTER 27,ha∙thȧ∙rȧ∙væ∙ni∙dhaa,fourth
CHAPTER 27,pas∙væ∙ni∙dhaa,fifth
CHAPTER 27,ha∙yȧ∙væ∙ni∙dhaa,sixth
CHAPTER 27,hath∙væ∙ni∙dhaa,seventh
CHAPTER 27,a∙tȧ∙væ∙ni∙dhaa,eighth
CHAPTER 27,na∙mȧ∙væ∙ni∙dhaa,ninth
CHAPTER 27,dha∙ha∙væ∙ni∙dhaa,tenth
CHAPTER 28,kaa∙lȧ∙gu∙nȧ∙yȧ,weather
CHAPTER 28,dhḗ∙shȧ∙gu∙nȧ∙yȧ,climate
CHAPTER 28,væs∙sȧ,rain
CHAPTER 28,auw∙wȧ,sunshine
CHAPTER 28,hu∙lȧňgȧ,wind
CHAPTER 28,væs∙sȧ∙tȧ,to/for the rain
CHAPTER 28,hi∙mȧ,snow
CHAPTER 28,mō∙sam væ∙si,monsoon rains
CHAPTER 28,ku∙naa∙tu,storms
CHAPTER 28,gé∙rȧ∙vi∙li,thunder
CHAPTER 28,hi∙mȧ vȧ∙lȧ∙tȧ,to/for the snow
CHAPTER 28,ras∙né,hot
CHAPTER 28,see∙thȧ∙lȧ,cold
CHAPTER 28,ka∙lu∙vȧ∙rȧ,dark / gloomy
CHAPTER 28,hu∙lang,windy / is windy
CHAPTER 28,ras∙néyi,(am/are/is) hot
CHAPTER 28,ras∙né nǣ,is not hot
CHAPTER 28,mḗ dha∙vas∙vȧ∙lȧ,these days
CHAPTER 28,éch∙chȧ∙rȧ,that much
CHAPTER 28,see∙thȧ∙layi,(am/are/is) cold
CHAPTER 28,see∙thȧ∙lȧ nǣ,is not cold
CHAPTER 28,ka∙lu∙vȧ∙rayi,is dark
CHAPTER 28,ka∙lu∙vȧ∙rȧ nǣ,is not dark
CHAPTER 28,auw∙wayi,is sunny
CHAPTER 28,auw∙wȧ nǣ,is not sunny
CHAPTER 28,hu∙lang nǣ,is not windy
CHAPTER 28,va∙hi∙nȧ∙vȧ,raining
CHAPTER 28,va∙hin∙né nǣ,not raining
CHAPTER 28,va∙hi∙nȧ∙va∙dhȧ?,raining?
CHAPTER 28,a∙ku∙nu ga∙ha∙nȧ∙va,lightning
CHAPTER 28,a∙ku∙nu ga∙han∙né nǣ,no lightning
CHAPTER 28,hi∙mȧ væ∙té∙nȧ∙va,snowing
CHAPTER 28,hi∙mȧ væ∙tén∙né nǣ,not snowing
CHAPTER 29,u∙thu∙rȧ,north
CHAPTER 29,u∙thu∙rȧ∙tȧ,to the north
CHAPTER 29,næ∙gé∙nȧ∙hi∙rȧ,east
CHAPTER 29,dha∙ku∙nȧ,south / right (e.g. “the right side”)
CHAPTER 29,ba∙tȧ∙hi∙rȧ,west
CHAPTER 30,u∙sȧ,tall
CHAPTER 30,u∙sȧ∙dhȧ?,(am/are/is) tall?
CHAPTER 30,u∙sayi,(am/are/is) tall
CHAPTER 30,gas,trees
CHAPTER 30,u∙sȧ nǣ,(am/are/is) not tall
CHAPTER 30,las∙sȧ∙nȧ,beautiful / good- looking
CHAPTER 30,las∙sȧ∙nȧ∙dhȧ?,(am/are/is) beautiful / good- looking?
CHAPTER 30,las∙sȧ∙nȧ nǣ,(am/are/is) not beautiful / good- looking
CHAPTER 30,lo∙ku,big
CHAPTER 30,lo∙ku∙dhȧ?,(am/are/is) big?
CHAPTER 30,lo∙ku nǣ,(am/are/is) not big
CHAPTER 30,ma∙ha∙thȧ,fat
CHAPTER 30,ma∙ha∙thȧ∙dhȧ?,(am/are/is) fat?
CHAPTER 30,ma∙ha∙thayi,(am/are/is) fat
CHAPTER 30,ma∙ha∙thȧ nǣ,(am/are/is) not fat
CHAPTER 30,va∙yȧ∙sȧ∙kȧ,old (person)
CHAPTER 30,va∙yȧ∙sȧ∙kȧ∙dhȧ?,(am/are/is) old?
CHAPTER 30,va∙yȧ∙sȧ∙kayi,(am/are/is) old
CHAPTER 30,va∙yȧ∙sȧ∙kȧ nǣ,(am/are/is) not old
CHAPTER 30,po∙di,small
CHAPTER 30,po∙di∙dhȧ?,(am/are/is) small?
CHAPTER 30,po∙diyi,(am/are/is) small
CHAPTER 30,po∙di nǣ,(am/are/is) not small
CHAPTER 30,két∙tu,thin
CHAPTER 30,két∙tu∙dhȧ?,(am/are/is) thin?
CHAPTER 30,két∙tuyi,(am/are/is) thin
CHAPTER 30,két∙tu nǣ,(am/are/is) not thin
CHAPTER 30,tha∙ru∙nȧ,young
CHAPTER 30,tha∙ru∙nȧ∙dhȧ?,(am/are/is) young?
CHAPTER 30,tha∙ru∙nayi,(am/are/is) young
CHAPTER 30,tha∙ru∙nȧ nǣ,(am/are/is) not young
CHAPTER 30,na∙rȧ∙kȧ,bad
CHAPTER 30,na∙rȧ∙kȧ∙dhȧ?,(am/are/is) bad?
CHAPTER 30,na∙rȧ∙kayi,(am/are/is) bad
CHAPTER 30,na∙rȧ∙kȧ nǣ,(am/are/is) not bad
CHAPTER 30,dhak∙shȧ,clever
CHAPTER 30,dhak∙shȧ∙dhȧ?,(am/are/is) clever?
CHAPTER 30,dhak∙shayi,(am/are/is) clever
CHAPTER 30,dhak∙shȧ nǣ,(am/are/is) not clever
CHAPTER 30,pis∙su,crazy / (am/are/is) crazy
CHAPTER 30,pis∙su∙dhȧ?,(am/are/is) crazy?
CHAPTER 30,pis∙su nǣ,(am/are/is) not crazy
CHAPTER 30,yaa∙lu,friendly
CHAPTER 30,yaa∙lu∙dhȧ?,(am/are/is) friendly?
CHAPTER 30,yaa∙luyi,(am/are/is) friendly
CHAPTER 30,yaa∙lu nǣ,(am/are/is) not friendly
CHAPTER 30,hoňdhȧ,good
CHAPTER 30,hoňdhȧ∙dhȧ?,(am/are/is) good?
CHAPTER 30,hoňdhayi,(am/are/is) good
CHAPTER 30,hoňdhȧ nǣ,(am/are/is) not good
CHAPTER 30,budh∙dhi∙math,intelligent / (am/are/is) intelligent
CHAPTER 30,budh∙dhi∙math∙dhȧ?,(am/are/is) intelligent?
CHAPTER 30,budh∙dhi∙math nǣ,(am/are/is) not intelligent
CHAPTER 30,na∙pu∙ru,mean / wicked
CHAPTER 30,na∙pu∙ru∙dhȧ?,(am/are/is) mean/wicked?
CHAPTER 30,na∙pu∙ruyi,(am/are/is) mean/wicked
CHAPTER 30,na∙pu∙ru nǣ,(am/are/is) not mean/wicked
CHAPTER 30,aa∙dam∙bȧ∙rȧ,proud
CHAPTER 30,aa∙dam∙bȧ∙rȧ∙dhȧ?,(am/are/is) proud?
CHAPTER 30,aa∙dam∙bȧ∙rayi,(am/are/is) proud
CHAPTER 30,aa∙dam∙bȧ∙rȧ nǣ,(am/are/is) not proud
CHAPTER 30,mō∙dȧ,unintelligent / stupid
CHAPTER 30,mō∙dȧ∙dhȧ?,(am/are/is) unintelligent / stupid?
CHAPTER 30,mō∙dayi,(am/are/is) unintelligent / stupid
CHAPTER 30,mō∙dȧ nǣ,(am/are/is) not unintelligent / stupid
CHAPTER 30,ga∙nan,expensive / (am/are/is) expensive
CHAPTER 30,ga∙nan∙dhȧ?,(am/are/is) expensive?
CHAPTER 30,ga∙nan nǣ,(am/are/is) not expensive
CHAPTER 30,ba∙rȧ,heavy
CHAPTER 30,ba∙rȧ∙dhȧ?,(am/are/is) heavy?
CHAPTER 30,ba∙rayi,(am/are/is) heavy
CHAPTER 30,ba∙rȧ nǣ,(am/are/is) not heavy
CHAPTER 30,sæ∙hæl∙lu,light (weight)
CHAPTER 30,sæ∙hæl∙lu∙dhȧ?,(am/are/is) light (weight)?
CHAPTER 30,sæ∙hæl∙luyi,(am/are/is) light (weight)
CHAPTER 30,sæ∙hæl∙lu nǣ,(am/are/is) not light (weight)
CHAPTER 30,dhi∙gȧ,long
CHAPTER 30,dhi∙gȧ∙dhȧ?,(am/are/is) long?
CHAPTER 30,dhi∙gayi,(am/are/is) long
CHAPTER 30,dhi∙gȧ nǣ,(am/are/is) not long
CHAPTER 30,a∙luth,new / (am/are/is) new
CHAPTER 30,a∙luth∙dhȧ?,(am/are/is) new?
CHAPTER 30,a∙luth nǣ,(am/are/is) not new
CHAPTER 30,pa∙rȧ∙nȧ,old (object)
CHAPTER 30,pa∙rȧ∙nȧ∙dhȧ?,(am/are/is) old?
CHAPTER 30,pa∙rȧ∙nayi,(am/are/is) old
CHAPTER 30,pa∙rȧ∙nȧ nǣ,(am/are/is) not old
CHAPTER 30,ko∙tȧ,short
CHAPTER 30,ko∙tȧ∙dhȧ?,(am/are/is) short?
CHAPTER 30,ko∙tayi,(am/are/is) short
CHAPTER 30,ko∙tȧ nǣ,(am/are/is) not short
CHAPTER 30,sæ∙rȧ,spicy
CHAPTER 30,sæ∙rȧ∙dhȧ?,(am/are/is) spicy?
CHAPTER 30,sæ∙rayi,(am/are/is) spicy
CHAPTER 30,sæ∙rȧ nǣ,(am/are/is) not spicy
CHAPTER 30,ra∙ha,tasty
CHAPTER 30,ra∙ha∙dhȧ?,(am/are/is) tasty?
CHAPTER 30,ra∙hayi,(am/are/is) tasty
CHAPTER 30,ra∙ha nǣ,(am/are/is) not tasty
CHAPTER 30,sa∙thu∙tén in∙nȧ,happy
CHAPTER 30,sa∙thu∙tu∙dhȧ?,(am/are/is) feeling happy?
CHAPTER 30,sa∙thu∙tuyi,(am/are/is) feeling happy
CHAPTER 30,sa∙thu∙tu nǣ,(am/are/is) not feeling happy
CHAPTER 30,tha∙ra∙hén in∙nȧ,angry
CHAPTER 30,tha∙ra∙ha∙dhȧ?,(am/are/is) feeling angry?
CHAPTER 30,tha∙ra∙hayi,(am/are/is) feeling angry
CHAPTER 30,tha∙ra∙ha nǣ,(am/are/is) not feeling angry
CHAPTER 30,eer∙syaa∙vén in∙nȧ,jealous
CHAPTER 30,eer∙sya∙dhȧ?,(am/are/is) feeling jealous?
CHAPTER 30,eer∙syayi,(am/are/is) feeling jealous
CHAPTER 30,eer∙sya nǣ,(am/are/is) not feeling jealous
CHAPTER 30,kam∙mæ∙li∙yén in∙nȧ,lazy
CHAPTER 30,kam∙mæ∙li∙dhȧ?,(am/are/is) feeling lazy?
CHAPTER 30,kam∙mæ∙liyi,(am/are/is) feeling lazy
CHAPTER 30,kam∙mæ∙li nǣ,(am/are/is) not feeling lazy
CHAPTER 30,dhu∙kén in∙nȧ,sad
CHAPTER 30,dhu∙kȧ∙dhȧ?,(am/are/is) feeling sad?
CHAPTER 30,dhu∙kayi,(am/are/is) feeling sad
CHAPTER 30,dhu∙kȧ nǣ,(am/are/is) not feeling sad
CHAPTER 30,ba∙yén in∙nȧ,scared
CHAPTER 30,ba∙yȧ∙dhȧ?,(am/are/is) feeling scared?
CHAPTER 30,ba∙yayi,(am/are/is) feeling scared
CHAPTER 30,ba∙yȧ nǣ,(am/are/is) not feeling scared
CHAPTER 30,ni∙dhi∙ma∙thén in∙nȧ,sleepy
CHAPTER 30,ni∙dhi∙ma∙thȧ∙dhȧ?,(am/are/is) feeling sleepy?
CHAPTER 30,ni∙dhi∙ma∙thayi,(am/are/is) feeling sleepy
CHAPTER 30,ni∙dhi∙ma∙thȧ nǣ,(am/are/is) not feeling sleepy
CHAPTER 30,ma∙han∙si∙yén in∙nȧ,tired
CHAPTER 30,ma∙han∙si∙dhȧ?,(am/are/is) feeling tired?
CHAPTER 30,ma∙han∙siyi,(am/are/is) is feeling tired
CHAPTER 30,ma∙han∙si nǣ,(am/are/is) is not feeling tired
CHAPTER 31,ee∙tȧ va∙daa u∙sȧ,taller
CHAPTER 31,u∙sȧ∙mȧ,tallest
CHAPTER 31,ee∙tȧ va∙daa las∙sȧ∙nȧ,more beautiful / good-looking
CHAPTER 31,las∙sȧ∙nȧ∙mȧ,most beautiful / good-looking
CHAPTER 31,ee∙tȧ va∙daa lo∙ku,bigger
CHAPTER 31,lo∙ku∙mȧ,biggest
CHAPTER 31,ee∙tȧ va∙daa dhak∙shȧ,cleverer
CHAPTER 31,dhak∙shȧ∙mȧ,cleverest
CHAPTER 31,ee∙tȧ va∙daa ga∙nan,more expensive
CHAPTER 31,ga∙nan∙mȧ,most expensive
CHAPTER 31,ee∙tȧ va∙daa hoňdhȧ,better
CHAPTER 31,hoňdhȧ∙mȧ,best
CHAPTER 31,ee∙tȧ va∙daa dhi∙gȧ,longer
CHAPTER 31,dhi∙gȧ∙mȧ,longest
CHAPTER 31,ee∙tȧ va∙daa laňgȧ,nearer
CHAPTER 31,laňgȧ∙mȧ,nearest
CHAPTER 31,ee∙tȧ va∙daa a∙luth,newer
CHAPTER 31,a∙luth∙mȧ,newest
CHAPTER 32,kauw∙ru ha∙ri,anybody / somebody
CHAPTER 32,thḗ∙ré∙nȧ∙va,understanding (e.g. “I am understanding”) / understand / understands (e.g. “I understand”)
CHAPTER 32,thḗ∙ré∙nȧ∙va∙dhȧ?,understanding? (e.g. “Are you understanding?”) / understand? (e.g. “Do you understand?”)
CHAPTER 32,thḗ∙ru∙naa∙dhȧ?,understood?
CHAPTER 32,thḗ∙rén∙né nǣ,not understanding (e.g. “I am not understanding”) / don’t/doesn’t understand (e.g. “I don’t understand”)
CHAPTER 32,thḗ∙ru∙naa,understood (e.g. “I understood”)
CHAPTER 32,thḗ∙ru∙né nǣ,didn’t understand (e.g. “I didn’t understand”)
CHAPTER 32,kyuw∙wé,said
CHAPTER 32,aayith,again
CHAPTER 32,in∙gree∙si∙yén,in English
CHAPTER 32,i∙gé∙nȧ gan∙né,learning / learn / learns
CHAPTER 32,thḗ∙ru∙mȧ,meaning
CHAPTER 32,dik∙shȧ∙nȧ∙ri (“dictionary”) é∙kak,dictionary
CHAPTER 33,hoňdhin in∙nȧ∙va,(I am) fine
CHAPTER 33,va∙rȧ∙dhak,a fault
CHAPTER 33,va∙rȧ∙dhak nǣ,no problem / no fault
CHAPTER 33,aa∙yu∙bō∙wan!,(Traditional formal greeting)
CHAPTER 33,gi∙hil∙la,(has/have) gone / go and...
CHAPTER 34,vaa∙sȧ∙ga∙mȧ,family name / surname
CHAPTER 34,mu∙lu,full / complete
CHAPTER 34,yaa∙lu∙vék,a friend
CHAPTER 34,pauw∙lé,in the family / of the family
CHAPTER 34,kat∙ti∙yȧ,group of people
CHAPTER 34,shree lan∙kaa∙vén,from Sri Lanka
CHAPTER 34,æ∙mȧ∙ri∙kaa∙vén,from America
CHAPTER 34,os∙trḗ∙li∙yaa∙vén,from Australia
CHAPTER 34,én∙gȧ∙lan∙thȧ∙yén,from England
CHAPTER 34,in∙dhi∙yaa∙vén,from India
CHAPTER 34,ra∙tȧ∙val,countries
CHAPTER 34,ra∙tȧ∙val vȧ∙lȧ∙tȧ,to/for countries
CHAPTER 34,ka∙vȧ∙dhaa∙vath,never / ever
CHAPTER 34,aa∙sȧ∙mȧ,favorite / preferred
CHAPTER 34,mee∙tȧ ka∙lin,before this
CHAPTER 34,lan∙kaa∙vȧ∙tȧ,to Sri Lanka
CHAPTER 34,æ∙vil∙la,(has/have) come / come and...
CHAPTER 34,æ∙vil∙la nǣ,(has/have) not come
CHAPTER 34,pa∙lȧ∙væ∙ni særḗ,first time
CHAPTER 34,aa∙vé,came
CHAPTER 34,ni∙vaa∙du∙wȧ∙tȧ,on holiday / for the holiday
CHAPTER 34,ba∙lȧ∙la,(has/have) looked / look and...
CHAPTER 34,bis∙nȧs (“business”) vȧ∙lȧ∙tȧ,on business / to/for business
CHAPTER 34,baa∙vȧ∙naa kȧ∙ran∙nȧ,meditate! / to meditate
CHAPTER 34,yō∙ga (“yoga”) kȧ∙ran∙nȧ,do yoga! / to do yoga
CHAPTER 34,sȧrfin (“surfing”) kȧ∙ran∙nȧ,surf! / to surf
CHAPTER 34,na∙gȧ∙rȧ∙yén,from the city
CHAPTER 34,na∙gȧ∙rȧ∙yén∙ dhȧ?,from the city?
CHAPTER 34,ko∙lȧmbȧ,Colombo
CHAPTER 34,ras∙saa∙vȧ,job / profession
CHAPTER 34,gu∙ru∙vȧ∙rȧ∙yék,a teacher
CHAPTER 34,dhos∙thȧ∙rȧ ké∙nék,a doctor
CHAPTER 34,mǣ∙nḗ∙jȧr (“manager”) ké∙nék,a manager
CHAPTER 34,poo∙jȧ∙kȧ∙vȧ∙rȧ∙yék,a priest
CHAPTER 34,shish∙yȧ∙yék,a student
CHAPTER 34,ho∙yȧ∙nȧ∙va,searching (e.g. “I am searching”) / search / searches (e.g. “I search”)
CHAPTER 35,va∙yȧ∙sȧ,age
CHAPTER 35,i∙pȧ∙dhu∙né,was/were born
CHAPTER 35,maa∙sȧ∙yé,in the month of...
CHAPTER 35,koyi maa∙sȧ∙yé∙dhȧ?,in which month?
CHAPTER 35,aa∙gȧ∙mȧ,religion
CHAPTER 35,budh∙dhaa∙gȧ∙mé ké∙nék,a Buddhist
CHAPTER 35,kris∙thi∙yaa∙ni aa∙gȧ∙mḗ ké∙nék,a Christian
CHAPTER 35,hin∙dhu aa∙gȧ∙mḗ ké∙nék,a Hindu
CHAPTER 35,yu∙dhéw aa∙gȧ∙mḗ ké∙nék,a Jewish person
CHAPTER 35,mus∙lim (“Muslim”) ké∙nék,A Muslim
CHAPTER 35,ka∙saa∙dhȧ,marriage
CHAPTER 35,ka∙saa∙dhȧ bæňdhȧ∙la∙dhȧ?,married?
CHAPTER 35,ka∙saa∙dhȧ bæňdhȧ∙la,married
CHAPTER 35,ka∙saa∙dhȧ bæňdhȧ∙la nǣ,not married
CHAPTER 35,vén vé∙laa,separated
CHAPTER 35,dhik∙ka∙saa∙dhȧ vé∙laa,divorced
CHAPTER 35,bōyi frénd (“boyfriend”) ké∙nék,a boyfriend
CHAPTER 35,ma∙hath∙thȧ∙yék,a husband
CHAPTER 35,nō∙na ké∙nék,a wife
CHAPTER 35,u∙yan∙nȧ,cook! / to cook
CHAPTER 35,sin∙dhu,songs
CHAPTER 35,a∙han∙nȧ,listen! / to listen
CHAPTER 35,ki∙yȧ∙van∙nȧ,read! / to read
CHAPTER 35,kree∙daa,sports
CHAPTER 35,chit∙rȧ,paintings / drawings
CHAPTER 35,aňdhin∙nȧ,draw! / to draw
CHAPTER 35,sin∙dhu ki∙yan∙nȧ,sing! / to sing
CHAPTER 35,film (“film”),films / movies
CHAPTER 35,kree∙daa vȧ∙lȧ∙tȧ,to/for sports
CHAPTER 35,kri∙kȧt (“cricket”),cricket
CHAPTER 35,fut∙bōl (“football”),football / soccer
CHAPTER 35,sȧrfin (“surfing”),surfing
CHAPTER 35,yō∙ga (“yoga”),yoga
CHAPTER 35,dhu∙wan∙nȧ,run! / to run
CHAPTER 35,mu∙hu∙dhé,in the sea / of the sea
CHAPTER 35,ki∙mi∙dhén∙nȧ,dive! / to dive
CHAPTER 35,kree∙dȧ∙kȧ∙ya,player (e.g. “player in a sport”)
CHAPTER 35,kan∙daa∙yȧ∙mȧ,team (e.g. “sports team”)
CHAPTER 36,vḗ∙va!,“May you have...”
CHAPTER 36,su∙bȧ,great / prosperous
CHAPTER 36,auw∙rudh∙dhak,a year
CHAPTER 36,a∙luth auw∙rudh∙dhak,a new year
CHAPTER 36,dhé∙mȧ∙lȧ,Tamil
CHAPTER 36,nath∙thȧ∙lak,a Christmas
CHAPTER 36,væ∙lȧn∙tayin dha∙vȧ∙sak,a Valentine’s day
CHAPTER 36,dha∙vȧ∙sak,a day
CHAPTER 36,pa∙rés∙sȧ∙min,carefully
CHAPTER 36,ga∙mȧ∙nak,a trip / a voyage
CHAPTER 36,sa∙nee∙pȧ vén∙nȧ,get well! / to get well
CHAPTER 36,ik∙mȧ∙nin,quickly
CHAPTER 36,vi∙baa∙gȧ∙yȧ,exam
CHAPTER 36,hoňdhin,well
CHAPTER 36,vi∙vaa∙ha∙yȧ∙tȧ,for the marriage
CHAPTER 36,pæ∙thum,wishes
CHAPTER 37,pa∙dhin∙chi vé∙laa,is/was based (e.g. where one lives)
CHAPTER 37,li∙pi∙nȧ∙yȧ,address
CHAPTER 37,dhu∙rȧ∙dhȧ?,far?
CHAPTER 37,laňgȧ∙dhȧ?,near?
CHAPTER 37,dhu∙rayi,far
CHAPTER 37,dhu∙rȧ nǣ,not far
CHAPTER 37,laňgayi,is nearby
CHAPTER 37,laňgȧ nǣ,is not nearby
CHAPTER 37,kaa∙lȧ∙yȧ∙kȧ∙tȧ,for a while / for some time
CHAPTER 37,maa∙vȧ,me
CHAPTER 37,ma∙thȧ∙kȧ∙dhȧ?,remember? (e.g. “Do you remember?”)
CHAPTER 37,o∙yaa∙vȧ,you
CHAPTER 37,ma∙thȧ∙kayi,remember (e.g. “I remember”)
CHAPTER 37,hoňdhȧ∙tȧ∙mȧ,very well
CHAPTER 37,aa∙ran∙chi,news / updates
CHAPTER 37,é∙yaa∙vȧ,him / her
CHAPTER 37,la∙mȧ∙ya∙tȧ,for the child
CHAPTER 37,la∙mayin∙tȧ,for the children
CHAPTER 37,pauw∙lȧ∙tȧ,for the family
CHAPTER 37,vaa∙ha∙nȧ∙yȧ,vehicle
CHAPTER 37,pauw∙lak,a family
CHAPTER 37,la∙mȧ∙yék,a child
CHAPTER 37,pin∙thoo∙rȧ∙yak,a photo/picture
CHAPTER 37,ék∙kȧ,with
CHAPTER 37,o∙yaath ék∙kȧ,with you
CHAPTER 37,a∙pi dhén∙na∙gé,of us both / both of ours
CHAPTER 37,la∙mȧ∙yȧ∙gé,your child’s / of your child
CHAPTER 37,la∙mayin∙gé,your children’s / of your children
CHAPTER 37,pauw∙lȧ∙gé,your family’s / of your family
CHAPTER 37,is∙sél∙la,before / earlier
CHAPTER 37,ba∙lan∙nȧ∙dhȧ?,Shall (I) look?
CHAPTER 37,kaa∙la nǣ,have/has not eaten
CHAPTER 37,bee∙la,have/has drunk / drink and...
CHAPTER 37,trayi (“try”) kȧ∙rȧ∙la,have/has tried / try and...
CHAPTER 37,hæ∙mȧ é∙kȧ∙mȧ,every thing
CHAPTER 37,hæ∙mȧ é∙kén∙mȧ,of every thing
CHAPTER 37,gan∙nam,I’ll take
CHAPTER 37,æ∙thiyi,is/are enough
CHAPTER 37,æ∙thi vén∙nȧ,to be enough
CHAPTER 37,æth∙thȧ∙tȧ∙ma,really (e.g. “I really can’t”)
CHAPTER 37,kan∙nȧ bǣ,can’t eat
CHAPTER 37,pi∙ri∙la,is/are full
CHAPTER 37,ra∙hayi,is/are tasty
CHAPTER 37,kaa∙lé∙kin,in a while
CHAPTER 37,kǣ∙mak,a meal/dish
CHAPTER 37,ha∙dhȧ∙nȧ hæ∙ti,the way it is made
CHAPTER 37,ki∙yȧ∙la dhé∙nȧ∙va∙dhȧ?,teach?
CHAPTER 37,kǣ∙mȧ∙tȧ,to/for the meal
CHAPTER 38,ham∙bȧ vén∙né,meeting / meet / meets
CHAPTER 38,kȧ∙ran∙nȧ yan∙né,going to do
CHAPTER 38,film (“film”) é∙kak,a film/movie
CHAPTER 38,rés∙tō∙rȧnt (“restaurant”) é∙kȧ∙kȧ∙tȧ,to/for a restaurant
CHAPTER 38,baar (“bar”) é∙kȧ∙kȧ∙tȧ,to/for a bar
CHAPTER 38,klub (“club”) é∙kȧ∙kȧ∙tȧ,to/for a night club
CHAPTER 38,vé∙nȧ,(something/some one) else / another
CHAPTER 38,vé∙nȧ kauw∙dhȧ?,who else?
CHAPTER 38,vé∙nȧ kauw∙ruth,no one else / anyone else
CHAPTER 38,a∙pith ék∙kȧ,with us
CHAPTER 38,kat∙ti∙yak,a group of people
CHAPTER 38,ham∙bȧ vé∙mu,let’s meet
CHAPTER 38,ya∙mu∙dhȧ?,Shall we go?
CHAPTER 38,ya∙mu,let’s go
CHAPTER 38,lǣs∙thi∙dhȧ?,ready? (e.g. “Are you ready?”)
CHAPTER 38,lǣs∙thiyi,(am/are/is) ready
CHAPTER 38,lǣs∙thi nǣ,(am/are/is) not ready
CHAPTER 38,gé∙ni yan∙nȧ,take along! / to take along
CHAPTER 38,a∙pi∙vȧ,us
CHAPTER 38,lift (“lift”) é∙kak,a lift / a free ride
CHAPTER 38,pa∙rak∙kuyi,(am/are/is) late
CHAPTER 38,koyi ha∙ri∙yé∙dhȧ?,which area?
CHAPTER 38,ik∙man kȧ∙ran∙nȧ,hurry up! / to hurry up
CHAPTER 38,thæ∙nak,a place
CHAPTER 38,vi∙nō∙dhȧ vu∙naa∙dhȧ?,enjoyed?
CHAPTER 38,vi∙nō∙dhȧ vu∙naa,enjoyed
CHAPTER 39,mḗ∙sȧ∙yak,a table
CHAPTER 39,buk (“book”) kȧ∙ran∙nȧ,book/reserve! / to book/reserve
CHAPTER 39,mé∙nyu (“menu”) é∙kȧ,menu
CHAPTER 39,saa∙maan∙yȧ∙yén,normally / usually
CHAPTER 39,pō∙shȧn (“portion”) é∙kak,a portion
CHAPTER 39,æ∙thi véyi∙dhȧ?,(will it) be enough?
CHAPTER 39,gḗn∙nȧ,bring! / to bring
CHAPTER 39,dhæ∙nȧ∙tȧ,for now
CHAPTER 39,éch∙chȧ∙rayi,that’s all / that’s it
CHAPTER 39,ō∙dȧ (“order”) kȧ∙ran∙nam,I’ll order
CHAPTER 39,gǣ∙ræp∙pu∙wak,a fork
CHAPTER 39,gǣ∙ræp∙pu,forks
CHAPTER 39,pi∙hi∙yak,a knife
CHAPTER 39,pi∙hi,knives
CHAPTER 39,piňgan,plates
CHAPTER 39,vee∙dhu∙ru,glasses
CHAPTER 39,hæňdhi,spoons
CHAPTER 39,tooth pik (“toothpick”),toothpicks
CHAPTER 39,chop∙stik (“chopstick”),chopsticks
CHAPTER 39,vé∙ji∙tḗ∙ri∙yȧn (“vegetarian”) ké∙nék,a vegetarian
CHAPTER 39,kan∙né,eating / eat / eats
CHAPTER 39,dhaan∙nȧ é∙paa,don’t put
CHAPTER 39,ki∙ri aa∙haa∙rȧ,milk products / dairy
CHAPTER 39,mas maa∙lu,meat & fish
CHAPTER 39,kǣ∙mȧ vȧ∙lȧ∙tȧ,to/for the food
CHAPTER 39,pæ∙ni ra∙ha,sweet
CHAPTER 39,thél,oil
CHAPTER 39,thél thi∙yé∙nȧ kǣ∙mȧ,oily food
CHAPTER 39,sæ∙rȧ kǣ∙mȧ,spicy food
CHAPTER 39,ni∙vi∙la,(is/has) cooled down
CHAPTER 39,mi∙ris,chillies
CHAPTER 39,æ∙lȧr∙ji (“allergy”) é∙kak,an allergy
CHAPTER 39,ba∙tȧr,butter
CHAPTER 39,loo∙nu,onions
CHAPTER 39,su∙dhu loo∙nu,garlic
CHAPTER 39,iňgu∙ru,ginger
CHAPTER 39,gam∙mi∙ris,pepper
CHAPTER 39,lu∙nu,salt
CHAPTER 39,see∙ni,sugar
CHAPTER 39,bi∙lȧ,the bill
CHAPTER 39,gḗ∙nȧ∙va∙dhȧ?,bringing? (e.g. “Are you bringing?”) / bring? (e.g. “Do you bring?”)
CHAPTER 39,kré∙dit kaad (“credit card”) é∙kén,by credit card
CHAPTER 39,gé∙van∙nȧ,pay! / to pay
CHAPTER 39,ma∙gé gaa∙né,on my account (e.g. “It’s my treat”)
CHAPTER 39,tip (“tip”) é∙kak,a tip
CHAPTER 39,thi∙yan∙nȧ∙dhȧ?,Shall (I) leave/place (a thing)? (e.g. “Shall I leave a tip?”)
CHAPTER 39,tip (“tip”) é∙kȧ∙tȧ,for the tip
CHAPTER 39,mén∙nȧ,here you go / here it is
CHAPTER 39,thi∙yaa gan∙nȧ,keep! / to keep
CHAPTER 40,na∙vȧ∙thin∙nȧ thæ∙nak,a place to stay
CHAPTER 40,na∙vȧ∙thin∙nȧ,stop moving! / to stop moving
CHAPTER 40,gést hauws (“guest house”) é∙kak,a guest house
CHAPTER 40,hō∙tȧ∙lȧ∙yak,a hotel
CHAPTER 40,kaa∙mȧ∙rȧ∙yak,a room
CHAPTER 40,kaa∙mȧ∙rȧ,rooms
CHAPTER 40,kaa∙mȧ∙rȧ∙yȧ∙kȧ∙tȧ,to/for a room
CHAPTER 40,vé∙nȧ kaa∙mȧ∙rȧ∙yak,a different room
CHAPTER 40,u∙nu va∙thu∙rȧ,hot water
CHAPTER 40,u∙nu,hot / warm
CHAPTER 40,si∙gȧ∙rȧt,cigarettes
CHAPTER 40,dhum,smoke
CHAPTER 40,gaňdhȧ,odour
CHAPTER 40,gaňdhȧ næ∙thi,odourless
CHAPTER 40,æňdhak,a bed
CHAPTER 40,væ∙di∙pu∙rȧ,an extra
CHAPTER 40,kot∙tȧ,pillows
CHAPTER 40,thu∙waa∙yȧ∙val,towels
CHAPTER 40,sa∙ban,soap
CHAPTER 40,ma∙dhu∙ru dhæ∙lak,a mosquito net
CHAPTER 40,dhæ∙lak,a net
CHAPTER 40,ma∙dhu∙ru∙wō,mosquitos
CHAPTER 40,hoo∙no,geckos
CHAPTER 40,ma∙ku∙lu∙wō,spiders
CHAPTER 40,kæ∙rȧ∙poth∙thō,cockroaches
CHAPTER 40,po∙di sath∙thu,small insects/creatures
CHAPTER 40,ki∙lu∙tuyi,is dirty/unclean
CHAPTER 40,æ∙thi∙ri∙li,sheets
CHAPTER 40,æňdhȧ æ∙thi∙ri∙li,bedsheets
CHAPTER 40,kot∙tȧ u∙ru,pillow cases
CHAPTER 40,po∙rȧ∙vȧ∙nȧ ré∙dhi,blankets
CHAPTER 40,ré∙dhi,cloth
CHAPTER 40,ḗ see (“AC”) é∙kȧ,air conditioner
CHAPTER 41,a∙tha∙rȧ∙mang vé∙laa,(am/are/is) lost (a person) (e.g. “I am lost”)
CHAPTER 41,paa∙rȧ,road
CHAPTER 41,væ∙rȧ∙dhi∙la,has mistaken
CHAPTER 41,ha∙ri∙yȧ,area
CHAPTER 41,is∙pi∙ri∙thaa∙lȧ∙yȧ,hospital
CHAPTER 41,bas hōlt (“bus halt”) é∙kȧ,bus stop/halt
CHAPTER 41,tauw∙mȧ,city center / town
CHAPTER 41,han∙dhi∙yȧ,intersection / junction
CHAPTER 41,myu∙si∙yȧm (“museum”) é∙kȧ,museum
CHAPTER 41,po∙lis∙si∙yȧ,police
CHAPTER 41,su∙pȧr∙maa∙kȧt (“supermarket”) é∙kȧ,supermarket
CHAPTER 41,kōch∙chi stḗ∙shȧ∙mȧ,train station
CHAPTER 41,sath∙thu vath∙thȧ,zoo
CHAPTER 41,ya∙nȧ hæ∙ti,way to go
CHAPTER 41,hæ∙ti,way / manner
CHAPTER 41,pén∙nan∙nȧ,show! / to show
CHAPTER 41,hæ∙rén∙nȧ,turn! / to turn
CHAPTER 41,dha∙ku∙nȧ∙tȧ,to the right
CHAPTER 41,hæ∙rén∙nȧ é∙paa,don’t turn!
CHAPTER 41,va∙mȧ∙tȧ,to the left
CHAPTER 41,aa∙pa∙hu,back (e.g. “turn back”) / again (e.g. “say again”)
CHAPTER 41,ké∙lin,straight
CHAPTER 41,ké∙lin∙mȧ,straight all the way
CHAPTER 41,pæth∙thé,on the side of
CHAPTER 41,dha∙ku∙nu pæth∙thé,on the right side
CHAPTER 41,vam pæth∙thé,on the left side
CHAPTER 41,is∙sȧ∙ra∙hin,in front of
CHAPTER 41,pi∙ti∙pas∙sé,behind
CHAPTER 41,é∙haa,beyond
CHAPTER 41,é∙li∙yé,outside
CHAPTER 41,thæ∙nḗ,at the place
CHAPTER 41,æ∙thul vé∙nȧ thæ∙nḗ,at the entrace
CHAPTER 41,thæ∙nȧ,place
CHAPTER 41,æ∙thul vé∙nȧ thæ∙nȧ,entrance
CHAPTER 41,é∙li∙yȧ∙tȧ ya∙nȧ thæ∙nḗ,at the exit
CHAPTER 41,é∙li∙yȧ∙tȧ ya∙nȧ thæ∙nȧ,exit
CHAPTER 42,tæk∙si∙yak,a taxi
CHAPTER 42,three wee∙lȧr (“three wheeler”) é∙kak,a tuk tuk / three-wheeler
CHAPTER 42,gaa∙nȧ,price / rate
CHAPTER 42,vǣ∙diyi,is too much / is more
CHAPTER 42,mee∙tȧ∙rȧ∙yak,a meter
CHAPTER 42,mee∙tȧ∙rȧ∙yȧ,meter
CHAPTER 42,ha∙ri∙yȧ∙tȧ,to/for the area / correctly
CHAPTER 42,gi∙yaa∙mȧ,Once (you) go
CHAPTER 42,pén∙nan∙nam,(I’ll) show
CHAPTER 42,hé∙min,slowly
CHAPTER 42,ba∙laa∙gé∙nȧ!,watch out!
CHAPTER 42,væ∙rȧ∙dhi,wrong
CHAPTER XX,na∙vath∙than∙nȧ,stop (someone/something)! / to stop (someone/something)
CHAPTER 42,é∙nȧ∙kan,till (someone/it) comes
CHAPTER 42,i∙thu∙ru sal∙li,change/balance money
CHAPTER 42,sal∙li,money
CHAPTER 42,é∙yaa∙pōt (“airport”) é∙kȧ,airport
CHAPTER 42,ee∙laňgȧ,next
CHAPTER 42,an∙thi∙mȧ,next
CHAPTER 42,kōch∙chi∙yȧ,train
CHAPTER 42,flayit (“flight”) é∙kȧ,flight
CHAPTER 42,vi∙thȧ∙rak,only
CHAPTER 42,yan∙nayi én∙nayi,to go and come
CHAPTER 42,næ∙thi vé∙laa,(has/have) got lost (a thing) (e.g. “It has got lost”)
CHAPTER 42,ho∙yaa gan∙nȧ,find! / to find
CHAPTER 42,ho∙yaa gan∙nȧ bǣ,can’t find
CHAPTER 42,mis (“miss”) wu∙naa,missed (a thing) (e.g. “It has got lost”)
CHAPTER 42,iňdhȧ gan∙nȧ,sit! / to sit
CHAPTER 42,toyi∙lȧt (“toilet”) é∙kȧ∙tȧ,to the toilet
CHAPTER 43,paa∙vich∙chi kȧ∙ran∙nȧ,use! / to use
CHAPTER 43,vayi∙fayi (“WIFI”),WIFI
CHAPTER 43,vædȧ kȧ∙rȧ∙nȧ∙va,working (e.g. “I am working”) / work / works (e.g. “I work”)
CHAPTER 43,vædȧ kȧ∙ran∙né nǣ,not working (e.g. “I am not working”) / don’t/doesn’t work (e.g. “I don’t work”)
CHAPTER 43,sim kaad (“SIM card”) é∙kak,a sim card
CHAPTER 43,dḗ∙ta plǣn (“data plan”),data plan
CHAPTER 43,ree∙chaaj (“recharge”) é∙kak,a recharge / credit top-up
CHAPTER 43,mo∙bayil (“mobile”) é∙kḗ,of the mobile phone / mobile phone’s
CHAPTER 43,chaaj (“charge”) é∙kȧ,battery charge
CHAPTER 43,i∙vȧ∙rayi,is/are over
CHAPTER 43,kré∙dit (“credit”),credit
CHAPTER 43,chaaj (“charge”) kȧ∙ran∙nȧ,charge! / to charge
CHAPTER 43,fōn (“phone”) é∙kȧ∙tȧ,to/for the phone
CHAPTER 43,chaa∙jȧr (“charger”) é∙kak,a charger
CHAPTER 43,kōl (“call”) é∙kak,a call
CHAPTER 43,nom∙bȧ∙rȧ∙yȧ,a number
CHAPTER 44,do∙lȧr,dollars
CHAPTER 44,maa∙ru kȧ∙rȧ∙gan∙nȧ,get (it) exchanged! / to get (it) exchanged
CHAPTER 44,rḗt (“rate”) é∙kȧ,rate (e.g. “exchange rate”)
CHAPTER 44,yoo∙rōs (“euros”),Euros
CHAPTER 44,saap∙pu∙wȧ,store
CHAPTER 44,saap∙pu∙wȧ∙tȧ,to/for the store
CHAPTER 44,æňdhum,clothes
CHAPTER 44,ka∙dḗ,grocery store
CHAPTER 44,ran aa∙bȧ∙rȧ∙nȧ,jewelry
CHAPTER 44,maa∙kȧt (“market”) é∙kȧ,market
CHAPTER 44,sho∙ping sén∙tȧr (“shopping center”) é∙kȧ,shopping center
CHAPTER 44,tu∙wȧ∙rist (“tourist”) saap∙pu∙wȧ,souvenir store
CHAPTER 44,vi∙ku∙nȧ∙nȧ thæ∙nak,a place that sells
CHAPTER 44,saa∙ri,sarees
CHAPTER 44,ka∙mi∙sȧ,shirt
CHAPTER 44,sa∙path∙thu,shoes
CHAPTER 44,ya∙tȧ æňdhum,underwear
CHAPTER 44,ya∙tȧ,under
CHAPTER 44,si∙thi∙yam,maps
CHAPTER 44,dik∙shȧ∙nȧ∙ri (“dictionary”),dictionaries
CHAPTER 44,ki∙yȧ∙la dhé∙nȧ poth,books that teach
CHAPTER 44,sil∙lȧ∙rȧ ba∙du,grocery items
CHAPTER 44,sil∙lȧ∙rȧ,grocery
CHAPTER 44,ba∙du,items
CHAPTER 44,mæ∙nik,gems
CHAPTER 44,rath∙thȧ∙ran ba∙du,gold items
CHAPTER 44,maa∙lȧ,necklaces
CHAPTER 44,mu∙dhu,rings
CHAPTER 44,bé∙héth,medicine
CHAPTER 44,aa∙yur∙vḗ∙dhȧ,ayurvedic
CHAPTER 44,plaas∙tȧr (“plaster”),plaster / Band- Aids
CHAPTER 44,san kreem (“sun cream”),sun block / sun screen
CHAPTER 44,vi∙tȧ∙min,vitamins
CHAPTER 44,su∙vȧ∙ni∙yȧr (“souvenir”) ba∙du,souvenirs
CHAPTER 44,ba∙thik æňdhum,batik clothes
CHAPTER 44,ath∙kam,handicrafts
CHAPTER 44,lee ba∙du,wooden items
CHAPTER 44,lee,wood / wooden
CHAPTER 44,ki∙lō (“kilo”) é∙kak,a kilogram
CHAPTER 44,grǣm (“gram”) é∙kak,a gram
CHAPTER 44,raath∙thal é∙kak,a pound
CHAPTER 44,awuns é∙kak,an ounce
CHAPTER 44,lee∙tȧr é∙kak,a liter
CHAPTER 44,gæ∙lum é∙kak,a gallon
CHAPTER 44,mee∙tȧr é∙kak,a meter
CHAPTER 44,a∙di é∙kak,a foot
CHAPTER 44,a∙du∙mȧ,lowest
CHAPTER 44,a∙du kȧ∙rȧ∙la,(has/have) reduced / lessened / lowered (e.g. “He has reduced the price”) / reduce and...
CHAPTER 44,laa∙bȧ,cheap / inexpensive
CHAPTER 44,væ∙dȧ kȧ∙ran∙né,working / work / works
CHAPTER 44,ka∙mak nædh∙dhȧ?,is it ok?
CHAPTER 44,dhæ∙kȧ∙la nǣ,(has/have) not seen
CHAPTER 44,paa∙tin,in (a specific) color
CHAPTER 44,laa∙bayi,is/are cheap
CHAPTER 44,ma∙dhiyi,is/are not enough
CHAPTER 44,ni∙kan,just (e.g. “I’m just looking”) / no reason
CHAPTER 44,vi∙thȧ∙rayi,that’s all / only that
CHAPTER 44,kæ∙di∙la,(is/has) broken
CHAPTER 44,do∙lȧr (“dollar”) vȧ∙lin,in dollars
CHAPTER 44,yoo∙rōs (“euros”) vȧ∙lin,in Euros
CHAPTER 44,ru∙pi∙yal vȧ∙lin,in rupees
CHAPTER 44,ru∙pi∙yal,rupees
CHAPTER 44,bi∙lak,a bill/invoice
CHAPTER 44,ri∙seet∙tu∙wak,a receipt
CHAPTER 44,ra∙tȧ∙tȧ,to/for the country
CHAPTER 44,ya∙van∙nȧ,send/deliver! / to send/deliver
CHAPTER 45,vé∙laa∙vȧ,time (e.g. “What time is it?”)
CHAPTER 45,pén∙nȧ∙nȧ∙va∙dhȧ?,showing? (e.g. “Are you showing?”) / show? (e.g. “Do you show?”)
CHAPTER 45,é∙kayi,is one (e.g. “It’s one o’ clock”)
CHAPTER 45,dhé∙kayi,is two (e.g. “It’s two o’ clock”)
CHAPTER 45,thu∙nayi,is three (e.g. “It’s three o’ clock”)
CHAPTER 45,ha∙thȧ∙rayi,is four (e.g. “It’s four o’ clock”)
CHAPTER 45,pa∙hayi,is five (e.g. “It’s five o’ clock”)
CHAPTER 45,ha∙yayi,is six (e.g. “It’s six o’ clock”)
CHAPTER 45,ha∙thayi,is seven (e.g. “It’s seven o’ clock”)
CHAPTER 45,a∙tayi,is eight (e.g. “It’s eight o’ clock”)
CHAPTER 45,na∙mȧ∙yayi,is nine (e.g. “It’s nine o’ clock”)
CHAPTER 45,dha∙ha∙yayi,is ten (e.g. “It’s ten o’ clock”)
CHAPTER 45,é∙ko∙la∙hayi,is eleven (e.g. “It’s eleven o’ clock”)
CHAPTER 45,dho∙la∙hayi,is twelve (e.g. “It’s twelve o’ clock”)
CHAPTER 45,é∙kȧ∙tȧ,at one (e.g. “At one o’ clock”)
CHAPTER 45,dhé∙kȧ∙tȧ,at two (e.g. “At two o’ clock”)
CHAPTER 45,thu∙nȧ∙tȧ,at three (e.g. “At three o’ clock”)
CHAPTER 45,ha∙thȧ∙rȧ∙tȧ,at four (e.g. “At four o’ clock”)
CHAPTER 45,pa∙ha∙tȧ,at five (e.g. “At five o’ clock”)
CHAPTER 45,ha∙yȧ∙tȧ,at six (e.g. “At six o’ clock”)
CHAPTER 45,ha∙thȧ∙tȧ,at seven (e.g. “At seven o’ clock”)
CHAPTER 45,a∙tȧ∙tȧ,at eight (e.g. “At eight o’ clock”)
CHAPTER 45,na∙mȧ∙yȧ∙tȧ,at nine (e.g. “At nine o’ clock”)
CHAPTER 45,dha∙ha∙yȧ∙tȧ,at ten (e.g. “At ten o’ clock”)
CHAPTER 45,é∙ko∙la∙ha∙tȧ,at eleven (e.g. “At eleven o’ clock”)
CHAPTER 45,dho∙la∙ha∙tȧ,at twelve (e.g. “At twelve o’ clock”)
CHAPTER 45,pi∙tath vé∙nȧ∙va,leaving (e.g. “I am leaving”) / leave / leaves (e.g. “I leave”)
CHAPTER 45,pa∙tan gan∙nȧ∙va,starting (e.g. “I am starting”) / start / starts (e.g. “I start”)
CHAPTER 45,i∙vȧ∙rȧ vé∙nȧ∙va,(something) is finishing / (something) finishes
CHAPTER 46,u∙dhauw kȧ∙ran∙nȧ,help! / to help
CHAPTER 46,u∙dhauw∙wak,a help/favor
CHAPTER 46,prash∙nȧ∙yak,a question / an issue/problem
CHAPTER 46,po∙lis∙si∙yȧ∙tȧ,to/for the police
CHAPTER 46,dhos∙thȧ∙rȧ ké∙né∙ku∙tȧ,to/for a doctor
CHAPTER 46,ambulance é∙kȧ∙kȧ∙tȧ,to/for an ambulance
CHAPTER 46,fa∙yȧ bri∙gḗd (“fire brigade”) é∙kȧ∙tȧ,to/for the fire department
CHAPTER 46,iss∙pi∙ri∙thaa∙lȧ∙yȧ∙tȧ,to/for the hospital
CHAPTER 46,haat ȧ∙tæk (“heart attack”) é∙kak,a heart attack
CHAPTER 46,strōk (“stroke”) é∙kak,a (brain) stroke
CHAPTER 46,sa∙thék,an animal / a creature
CHAPTER 46,ho∙rék,a thief
CHAPTER 46,ho∙rȧ∙kam kȧ∙laa,robbed / stole
CHAPTER 46,wo∙lȧt (“wallet”) é∙kȧ,wallet
CHAPTER 46,kré∙dit kaad (“credit card”) é∙kȧ,credit card
CHAPTER 46,gaa∙vȧ,on/with (e.g. “I don’t have it on me”)
CHAPTER 46,yaa∙lu∙va∙vȧ,friend
CHAPTER 46,dhæk∙ka∙dhȧ?,saw?
CHAPTER 46,ek∙ké∙naa∙vȧ,the person
CHAPTER 46,al∙lan∙nȧ,touch! / to touch
CHAPTER 46,al∙lan∙nȧ é∙paa,don’t touch!
CHAPTER 46,ka∙rȧ∙dhȧ∙rȧ kȧ∙ran∙nȧ,trouble/bother! / to trouble/bother
CHAPTER 46,ka∙rȧ∙dhȧ∙rȧ kȧ∙ran∙nȧ é∙paa,don’t trouble/bother!
CHAPTER 46,ha∙dhis∙si∙yak,an emergency
CHAPTER 46,gin∙nak,a fire
CHAPTER 46,va∙thu∙ré,in the water / of the water
CHAPTER 46,gi∙lé∙nȧ∙va,sinking (e.g. “It is sinking”) / sink / sinks (e.g. “It sinks”)
CHAPTER 46,paa∙ré,on the road / of the road
CHAPTER 46,a∙nȧ∙thu∙rak,an accident
CHAPTER 46,vu∙naa,happened
CHAPTER 46,væ∙tu∙na,fell
CHAPTER 46,ka∙lȧ∙bȧ∙lȧ vén∙nȧ,panic/stress! / to panic/stress
CHAPTER 46,ka∙lȧ∙bȧ∙lȧ vén∙nȧ é∙paa,don’t panic/stress!
CHAPTER 46,lḗ,blood
CHAPTER 46,var∙gȧ∙yȧ,type
CHAPTER 47,dhos∙thȧ∙rȧ ké∙nék∙vȧ,a doctor
CHAPTER 47,æm∙byu∙lȧns (“ambulance”) é∙kak,an ambulance
CHAPTER 47,dhath dhos∙thȧ∙rȧ ké∙nék∙vȧ,a dentist
CHAPTER 47,a∙maa∙ru∙wȧ,difficulty
CHAPTER 47,ri∙dhén∙né,hurting / hurt / hurts
CHAPTER 47,o∙lu∙wé,in/of the head
CHAPTER 47,kæk∙ku∙mak,an ache/pain
CHAPTER 47,ba∙dḗ,in/of the stomach
CHAPTER 47,bu∙rul vé∙laa,has loosened
CHAPTER 47,sa∙nee∙pȧ nǣ,unwell
CHAPTER 47,sa∙nee∙pȧ,sense of wellness
CHAPTER 47,ka∙lan∙thé va∙gḗ,(am/are/is) faint
CHAPTER 47,u∙nȧ va∙gḗ,(am/are/is) feverish
CHAPTER 47,va∙mȧ∙né va∙gḗ,(am/are/is) nauseous
CHAPTER 47,ba∙bék,a baby
CHAPTER 47,ra∙tȧ,country / foreign
CHAPTER 47,poos mayil,cat hair
CHAPTER 47,dhoo∙wi∙li,dust
CHAPTER 47,pus kaa∙pu dhḗ∙val,mold
CHAPTER 47,mal pa∙raa∙gȧ,pollen
CHAPTER 48,aa∙dhȧ∙réyi∙dhȧ?,loving? (e.g. “Are you loving?”) / love? (e.g. “Do you love?”)
CHAPTER 48,aa∙dhȧ∙réyi,loving (e.g. “I am loving”) / love / loves (e.g. “I love”)
CHAPTER 48,aa∙dhȧ∙ré nǣ,not loving (e.g. “I am not loving”) / don’t/doesn’t love (e.g. “I don’t love”)
CHAPTER 48,kæ∙mȧ∙thi∙dhȧ?,liking? (e.g. “Are you liking?”) / like? (e.g. “Do you like?”)
CHAPTER 48,kæ∙mȧ∙thiyi,liking (e.g. “I am liking”) / like / likes (e.g. “I like”)
CHAPTER 48,kæ∙mȧ∙thi nǣ,not liking (e.g. “I am not liking”) / don’t/doesn’t like (e.g. “I don’t like”)
CHAPTER 48,næ∙thu∙wȧ,without
CHAPTER 48,paa∙lu∙dhȧ?,boring/dull?
CHAPTER 48,paa∙luyi,is boring/dull
CHAPTER 48,paa∙lu nǣ,not boring/dull
CHAPTER 48,ba∙baa,baby
CHAPTER 48,é∙kȧ∙mȧ é∙kȧ,one and only
CHAPTER 48,é∙kȧ∙mȧ,the only
CHAPTER 48,mæ∙ni∙kȧ,gem
CHAPTER 48,rath∙thȧ∙ran,gold
CHAPTER 48,pa∙nȧ,life
CHAPTER 48,pæ∙ti∙ya,(the young of any animal or bird)
CHAPTER 48,vas∙thu∙wȧ,treasure
CHAPTER 48,ka∙dȧ∙va∙sam,(am/are/is) handsome
CHAPTER 48,ka∙ru∙naa∙van∙thayi,(am/are/is) kind
CHAPTER 49,næň∙dham∙ma,mother-in-law
CHAPTER 49,maa∙man∙di,father-in-law
CHAPTER 49,nǣ∙na,sister-in-law
CHAPTER 49,lḗ∙li,daughter-in-law
CHAPTER 49,bǣ∙na,son-in-law
CHAPTER 49,æn∙ti,“Aunty”
CHAPTER 49,ang∙kȧl (“uncle”),“Uncle”
CHAPTER 49,o∙yaa∙la∙vȧ,you
CHAPTER 49,gæ∙nȧ,about
CHAPTER 49,pin∙thoo∙rȧ∙yȧ,photo / picture
CHAPTER 49,æňdhu∙mȧ,outfit / clothing item
CHAPTER 49,ki∙yȧ∙la dhén∙nȧ,teach! / to teach
CHAPTER 49,shree lan∙kaa∙vȧ,Sri Lanka
CHAPTER 49,ra∙tak,a country
CHAPTER 49,kri∙kȧt (“cricket”) vȧ∙lȧ∙tȧ,to/for cricket (the sport)
CHAPTER 49,thæ∙gi,gifts / presents
CHAPTER 49,gé∙naa∙vȧ,brought
CHAPTER 49,kǣ∙mȧ∙kȧ∙tȧ,for a meal
CHAPTER 49,ha∙dhan∙nȧ,make! / to make
CHAPTER 49,ki∙yȧ∙la dhun∙na,taught
CHAPTER 49,ki∙yȧ∙la,(has/have) said / say and...
CHAPTER 49,ha∙dhȧ∙la,(has/have) made / make and...
CHAPTER 49,va∙gḗ∙mayi,(am/are/is) just like (e.g. “He is just like you”)
CHAPTER 49,pé∙nu∙mén,based on appearance
CHAPTER 49,hambȧ vu∙naa∙tȧ,to have met
CHAPTER 49,sæ∙lȧ∙ku∙waa∙tȧ,to have treated
CHAPTER 49,aa∙dhȧ∙rȧ∙yén,with love
CHAPTER 49,pi∙li∙gath∙tha∙tȧ,to have received / welcomed
CHAPTER 49,dhun∙na∙tȧ,to have given / to have allowed
CHAPTER 49,ka∙vȧ∙dha∙ha∙ri,someday
CHAPTER 49,ham∙bȧ vé∙yi,might meet
CHAPTER 49,ba∙laa∙po∙roth∙thu vé∙nȧ∙va,hoping (e.g. “I am hoping”) / hope / hopes (e.g. “I hope”)
CHAPTER 50,ni∙vaa∙du∙wak,a holiday
CHAPTER 50,ga∙thȧ kȧ∙laa,spent time
CHAPTER 50,hæ∙mȧ dhé∙yȧ∙tȧ∙mȧ,to/for everything
CHAPTER 50,ba∙laa gath∙tha∙tȧ,to have looked after
CHAPTER 50,li∙yȧ∙nȧ∙va∙dhȧ?,writing? (e.g. “Are you writing?”) / write? (e.g. “Do you write?”)
CHAPTER 50,é∙vȧ∙nȧ∙va∙dhȧ?,coming? (e.g. “Are you coming?”) / come? (e.g. “Do you come?”)
CHAPTER 50,kōl (“call”) kȧ∙rȧ∙nȧ∙va∙dhȧ?,calling? (e.g. “Are you calling?”) / call? (e.g. “Do you call?”)
CHAPTER 50,pin∙thoo∙ru,photos
CHAPTER 50,li∙yan∙nam,(I’ll) write
CHAPTER 50,é∙van∙nam,(I’ll) send
CHAPTER 50,kōl (“call”) kȧ∙ran∙nam,(I’ll) call
